symbol_pair,relation_type,basis,draft_domain,type_match,suggested_type,gate_class,review_status,target_in_basis,type_signature_ok,confidence,json_ok,gate_class_v2,review_status_v2,self_contradiction,is_enumeration,symbol_boundary_ok,normalized_tag,summary_ko,summary_flags
AAPL↔HPQ,COMPETES_WITH,"SEC 10-K: Our primary competitors are Acer Inc., Apple Inc., ASUSTeK Computer Inc., Dell Inc., Huawei Technolo",개인용 컴퓨터,True,,pending,pending,False,True,1.0,True,pending,pending,False,True,False,개인용 컴퓨터,"회사의 주요 경쟁사로 Acer Inc., Apple Inc., ASUSTeK Computer Inc., Dell Inc., Huawei Technolo 등이 언급되었다.",list|target_absent|truncated
AAPL↔SYF,COMPETES_WITH,"SEC 10-K: In addition, some larger technology focused companies, e.g., Apple and Google, and larger retailers ",,False,COMPETES_WITH,pending,pending,False,True,0.0,True,noise_self_contradiction,pending,True,False,False,,Apple과 Google 등 일부 대형 기술 중심 기업과 대형 소매업체들이 언급되었다.,target_absent|truncated
ABBV↔COO,COMPETES_WITH,"SEC 10-K: With Paragard, we compete with manufacturers of hormonal IUDs including Bayer and AbbVie, Long Actin",호르몬 IUD,True,,pending,pending,False,True,0.9,True,pending,pending,False,True,False,헬스케어·의료기기·제약,Paragard 제품과 관련하여 Bayer와 AbbVie를 포함한 호르몬 IUD 제조업체들과 경쟁한다고 서술되었다.,list|target_absent|truncated
ABNB↔EXPE,COMPETES_WITH,"SEC 10-K: Businesses such as Airbnb, Vrbo and Booking.com have emerged as the leaders, bringing incremental al",온라인 여행 예약,True,,pending,pending,False,True,0.9,True,pending,pending,False,False,False,여행·숙박·크루즈,"Airbnb, Vrbo 및 Booking.com과 같은 기업들이 리더로 부상했다고 서술되었다.",target_absent|truncated
ABT↔DXCM,COMPETES_WITH,"SEC 10-K: In selling our current CGM systems, we compete directly with the Diabetes Care division of Abbott La",연속혈당측정기 시스템,True,,pending,pending,False,True,1.0,True,pending,pending,False,False,False,헬스케어·의료기기·제약,현재 CGM 시스템 판매 시 Abbott Laboratories의 당뇨병 관리 사업부와 직접 경쟁한다고 서술되었다.,target_absent|truncated
ALGN↔IDXX,COMPETES_WITH,SEC 10-K: The Invisalign System competes primarily against traditional wires and brackets and increasingly wit,,False,,pending,pending,False,True,0.0,True,pending,pending,False,False,False,,"Invisalign 시스템은 주로 전통적인 와이어 및 브래킷과 경쟁하며, 점차 더 많은 경쟁 대상과 경쟁한다고 서술되었다.",target_absent|truncated
AMAT↔KLAC,COMPETES_WITH,"SEC 10-K: In each of our product markets, we have many competitors, including companies such as Applied Materi",,True,,pending,pending,False,True,1.0,True,pending,pending,False,False,False,,모든 제품 시장에서 Applied Materials와 같은 회사들을 포함한 많은 경쟁사가 있다고 서술되었다.,target_absent|truncated
AMT↔SBAC,COMPETES_WITH,"SEC 10-K: In the U.S., our primary competitors for our site leasing activities are (1) large independent tower",통신 타워 임대,True,,pending,pending,False,True,1.0,True,pending,pending,False,False,False,통신·네트워크,미국에서 회사의 부지 임대 활동에 대한 주요 경쟁사는 대형 독립 타워 회사라고 서술되었다.,target_absent|truncated
AMZN↔COST,COMPETES_WITH,"SEC 10-K: Walmart, Target, Kroger, and Amazon are among our significant general merchandise retail competitors",일반 상품 소매,True,,pending,pending,False,True,1.0,True,pending,pending,False,True,False,소매·소비재,"Walmart, Target, Kroger, Amazon이 회사의 주요 일반 상품 소매 경쟁사 중 하나라고 서술되었다.",list|target_absent|truncated
AMZN↔ORCL,COMPETES_WITH,"SEC 10-K: Our enterprise cloud, license and hardware offerings compete directly with certain offerings from so",엔터프라이즈 클라우드,True,,pending,pending,False,True,0.9,True,pending,pending,False,False,False,클라우드·엔터프라이즈SW,"회사의 엔터프라이즈 클라우드, 라이선스 및 하드웨어 제품이 일부 대상의 특정 제품과 직접 경쟁한다고 서술되었다.",target_absent|truncated
AMZN↔TTD,COMPETES_WITH,"SEC 10-K: We compete with other demand-side platform providers, some of which are smaller, privately held comp",수요측 플랫폼,True,,pending,pending,False,True,0.8,True,pending,pending,False,False,False,수요측 플랫폼,"회사는 다른 수요측 플랫폼(DSP) 제공업체들과 경쟁하며, 이들 중 일부는 소규모의 비상장 회사이다.",target_absent|truncated
ANET↔AVGO,COMPETES_WITH,"SEC 10-K: For example, Broadcom has acquired VMware, Hewlett Packard Enterprise has acquired Juniper Networks ",,False,COMPETES_WITH,pending,pending,True,True,0.0,True,noise_self_contradiction,pending,True,True,False,,"Broadcom이 VMware를 인수했고, Hewlett Packard Enterprise가 Juniper Networks를 인수했다.",list|m&a|truncated
ANET↔HPE,COMPETES_WITH,"SEC 10-K: competition also coming from other large network equipment and system vendors, including Dell/EMC, E",네트워크 장비 및 시스템,True,,pending,pending,False,True,0.7,True,pending,pending,False,False,False,통신·네트워크,회사는 Dell/EMC 등 다른 대형 네트워크 장비 및 시스템 공급업체로부터도 경쟁에 직면한다.,target_absent|truncated
ANET↔NVDA,COMPETES_WITH,"SEC 10-K: competition also coming from other large network equipment and system vendors, including Dell/EMC, E",네트워크 장비,True,,pending,pending,False,True,0.4,True,pending,pending,False,False,False,통신·네트워크,회사는 Dell/EMC 등 다른 대형 네트워크 장비 및 시스템 공급업체로부터도 경쟁에 직면한다.,target_absent|truncated
AOS↔PNR,COMPETES_WITH,"SEC 10-K: Our principal water treatment competitors in the U.S. are Culligan, Kinetico, Pentair, Franklin Elec",수처리,True,,auto_candidate,pending,True,True,1.0,True,auto_candidate,pending,False,True,False,에너지·유전·수처리,"회사의 미국 내 주요 수처리 경쟁업체는 Culligan, Kinetico, Pentair, Franklin Electric 등이다.",list|truncated
APTV↔GRMN,COMPETES_WITH,"SEC 10-K: Garmin believes that its principal competitors for auto OEM products are Alpine Electronics, Aptiv, ",자동차 OEM 제품,True,,auto_candidate,pending,True,True,1.0,True,auto_candidate,pending,False,False,False,자동차·부품·산업재,"Garmin은 자사의 자동차 OEM 제품 주요 경쟁업체로 Alpine Electronics, Aptiv 등을 언급한다.",truncated
AVY↔INTC,COMPETES_WITH,"SEC 10-K: Fedrigoni Self-Adhesives; Lintec Corporation; Flexcon Corporation, Inc.; and an array of smaller reg",,False,COMPETES_WITH,pending,pending,True,True,0.0,True,noise_self_contradiction,pending,True,True,False,,"Fedrigoni Self-Adhesives, Lintec Corporation, Flexcon Corporation, Inc. 및 다양한 소규모 지역 업체들이 존재한다.",list|truncated
AVY↔MMM,COMPETES_WITH,"SEC 10-K: For graphics and reflective products, our largest competitors are 3M Company (“3M”) and the Orafol G",그래픽·반사 제품,True,,auto_candidate,pending,True,True,1.0,True,auto_candidate,pending,False,False,False,기타,회사의 그래픽 및 반사 제품 분야 주요 경쟁업체는 3M Company와 Orafol Group이다.,truncated
AVY↔PPL,COMPETES_WITH,"SEC 10-K: Our larger competitors in label materials include UPM Adhesive Materials, a subsidiary of UPM Corpor",,False,COMPETES_WITH,pending,pending,False,True,0.0,True,noise_self_contradiction,pending,True,False,False,,회사의 라벨 재료 분야 대형 경쟁업체에는 UPM Corporation의 자회사인 UPM Adhesive Materials가 포함된다.,target_absent|truncated
AXP↔MA,COMPETES_WITH,"SEC 10-K: We compete worldwide with payments networks such as Visa, American Express, JCB, China UnionPay and ",결제 네트워크,True,,pending,pending,False,True,1.0,True,pending,pending,False,True,False,금융·결제·거래소,"회사는 Visa, American Express, JCB, China UnionPay 등과 같은 결제 네트워크와 전 세계적으로 경쟁한다.",list|target_absent|truncated
AXP↔SYF,COMPETES_WITH,"SEC 10-K: Our primary competitors for partners include major financial institutions, such as American Express,",금융 서비스,True,,auto_candidate,pending,True,True,1.0,True,auto_candidate,pending,False,False,False,금융·결제·거래소,회사는 아메리칸 익스프레스와 같은 주요 금융 기관이 파트너 확보를 위한 주요 경쟁자라고 서술한다.,truncated
AZO↔GPC,COMPETES_WITH,"SEC 10-K: Key competitors in North America include AutoZone, Inc., O'Reilly Auto Parts, Inc., Advance Auto Par",자동차 부품 유통,True,,auto_candidate,pending,True,True,1.0,True,auto_candidate,pending,False,True,False,자동차·부품·산업재,"회사는 오토존, 오라일리 오토 파츠, 어드밴스 오토 파츠를 북미 지역의 주요 경쟁자로 명시한다.",list|truncated
BAX↔COO,COMPETES_WITH,"SEC 10-K: Larger companies such as Johnson & Johnson, Baxter International, Medtronic and Hologic have offerin",,False,,pending,pending,True,True,0.0,True,pending,pending,False,True,False,,"회사는 존슨앤드존슨, 박스터 인터내셔널, 메드트로닉, 홀로직과 같은 대기업들이 제품을 제공한다고 언급한다.",list|truncated
BKNG↔EXPE,COMPETES_WITH,"SEC 10-K: Competitive entrants such as “metasearch” companies, including Kayak.com (owned by Booking Holdings)",메타 검색,True,,pending,pending,False,True,0.8,True,pending,pending,False,False,False,미디어·스트리밍·검색,회사는 부킹 홀딩스가 소유한 카약닷컴을 포함한 '메타서치' 회사들을 경쟁 진입자로 언급한다.,target_absent
BKNG↔GOOGL,COMPETES_WITH,"SEC 10-K: For example, Google links travel search to its dominant search engine and has integrated travel prod",여행 검색,True,,auto_candidate,pending,True,True,0.9,True,auto_candidate,pending,False,False,False,여행·숙박·크루즈,회사는 구글이 여행 검색을 자사 검색 엔진에 연결하고 여행 상품을 통합한 사례를 언급한다.,truncated
BKR↔CAT,COMPETES_WITH,"SEC 10-K: An additional set of competitors, including Aggreko plc, Generac Holdings Inc., Discovery Energy, LL",,False,,pending,pending,False,True,0.0,True,pending,pending,False,True,False,,"회사는 아그레코, 제네락 홀딩스, 디스커버리 에너지를 추가적인 경쟁사 집단으로 열거한다.",list|target_absent|truncated
BKR↔HAL,COMPETES_WITH,"SEC 10-K: OFSE competitors include SLB, Halliburton, NOV, Weatherford, and TechnipFMC.",유전 서비스·장비,True,,auto_candidate,pending,True,True,1.0,True,auto_candidate,pending,False,True,False,자동차·부품·산업재,"회사는 SLB, 할리버튼, NOV, 웨더포드, 테크닙FMC를 OFSE 경쟁자로 지목한다.",list
BKR↔SLB,COMPETES_WITH,"SEC 10-K: OFSE competitors include SLB, Halliburton, NOV, Weatherford, and TechnipFMC.",유전 서비스·장비,True,,auto_candidate,pending,True,True,1.0,True,auto_candidate,pending,False,True,True,자동차·부품·산업재,"회사는 SLB, 할리버튼, NOV, 웨더포드, 테크닙FMC를 OFSE 경쟁자로 지목한다.",list
BLK↔MSCI,COMPETES_WITH,"SEC 10-K: Certain of our clients are also significant shareholders, competitors or distributors of our content",,True,,pending,pending,False,True,0.2,True,pending,pending,False,False,False,,회사는 일부 고객이 회사의 주요 주주이자 경쟁자 또는 콘텐츠 배급사이기도 하다고 밝힌다.,target_absent|truncated
CAH↔COR,COMPETES_WITH,"SEC 10-K: In the Pharma segment, we compete with wholesale distributors with national reach, including McKesso",제약 도매 유통,True,,pending,pending,False,True,0.5,True,pending,pending,False,False,False,헬스케어·의료기기·제약,회사는 제약 부문에서 매케슨과 같은 전국적인 도매 유통업체와 경쟁한다고 언급한다.,target_absent|truncated
CAH↔MCK,COMPETES_WITH,"SEC 10-K: Certain competitors also offer combinations of distribution, GPO, and provider services capabilities",의료 유통,True,,pending,pending,False,True,0.9,True,pending,pending,False,False,False,헬스케어·의료기기·제약,"일부 경쟁사들이 유통, GPO, 공급자 서비스 역량을 결합하여 제공한다.",target_absent|truncated
CARR↔JCI,COMPETES_WITH,"SEC 10-K: Larger competitors include Honeywell International, Inc.; Siemens Smart Infrastructure, an operating",,False,COMPETES_WITH,pending,pending,True,True,0.1,True,noise_self_contradiction,pending,True,True,False,,"주요 경쟁사로는 Honeywell International, Inc.와 Siemens Smart Infrastructure가 언급된다.",list|truncated
CAT↔CMI,COMPETES_WITH,"SEC 10-K: Principal global competitors include Cummins Inc., Deutz AG, Rolls-Royce Power Systems AG and Siemen",,True,,auto_candidate,pending,True,True,1.0,True,auto_candidate,pending,False,True,False,,"주요 글로벌 경쟁사로는 Cummins Inc., Deutz AG, Rolls-Royce Power Systems AG, Siemens가 언급된다.",list|truncated
CAT↔GEV,COMPETES_WITH,"SEC 10-K: Other competitors, such as Volvo Penta AB, FPT Industrial SpA (Iveco Group), INNIO Group, GE Vernova",,True,,auto_candidate,pending,True,True,1.0,True,auto_candidate,pending,False,True,False,,"다른 경쟁사로는 Volvo Penta AB, FPT Industrial SpA (Iveco Group), INNIO Group, GE Vernova가 있다.",list|truncated
CAT↔GNRC,COMPETES_WITH,"SEC 10-K: An additional set of competitors, including Aggreko plc, Generac Holdings Inc., Discovery Energy, LL",,True,,auto_candidate,pending,True,True,1.0,True,auto_candidate,pending,False,True,False,,"Aggreko plc, Generac Holdings Inc., Discovery Energy, LL 등 추가적인 경쟁사들이 언급된다.",list|truncated
CAT↔WAB,COMPETES_WITH,"SEC 10-K: Our primary competition for locomotives is Progress Rail, owned by a subsidiary of Caterpillar.",기관차,True,,pending,pending,False,True,1.0,True,pending,pending,False,False,False,기관차,기관차 부문의 주요 경쟁사는 Caterpillar 자회사 소유의 Progress Rail이다.,target_absent
CBOE↔CME,COMPETES_WITH,"SEC 10-K: Our competitors include, among other entities, exchanges such as Intercontinental Exchange, Inc. (IC",금융 거래소,True,,pending,pending,False,True,0.9,True,pending,pending,False,True,False,금융·결제·거래소,"경쟁사에는 Intercontinental Exchange, Inc. (ICE)와 같은 거래소들이 포함된다.",list|target_absent|truncated
CCL↔NCLH,COMPETES_WITH,"SEC 10-K: Based on 2025 Cruise Industry News statistics, as of December 31, 2025, we, along with our principal",크루즈 산업,True,,pending,pending,True,True,0.3,True,pending,pending,False,False,False,여행·숙박·크루즈,"2025년 크루즈 산업 뉴스 통계에 따르면, 2025년 12월 31일 기준으로 회사는 주요 경쟁사들과 함께 언급된다.",truncated
CCL↔RCL,COMPETES_WITH,"SEC 10-K: Based on 2025 Cruise Industry News statistics, as of December 31, 2025, we, along with our principal",크루즈 산업,True,,pending,pending,False,True,0.4,True,pending,pending,False,False,False,여행·숙박·크루즈,"2025년 크루즈 산업 뉴스 통계에 따르면, 2025년 12월 31일 기준으로 회사는 주요 경쟁사들과 함께 언급된다.",target_absent|truncated
CDNS↔CTVA,COMPETES_WITH,"SEC 10-K: U.S.-based competitors include Keysight Technologies, Inc., Schrödinger, Inc., and CEVA, Inc., while",,False,COMPETES_WITH,pending,pending,False,True,0.0,True,noise_self_contradiction,pending,True,True,False,,"미국 기반 경쟁사로는 Keysight Technologies, Inc., Schrödinger, Inc., CEVA, Inc. 등이 있다.",list|target_absent|truncated
CDNS↔KEYS,COMPETES_WITH,"SEC 10-K: U.S.-based competitors include Keysight Technologies, Inc., Schrödinger, Inc., and CEVA, Inc., while",,True,,auto_candidate,pending,True,True,1.0,True,auto_candidate,pending,False,True,False,,"회사(발표 주체)는 미국 기반 경쟁사로 Keysight Technologies, Inc., Schrödinger, Inc., CEVA, Inc. 등을 언급한다.",list|truncated
CDNS↔SNPS,COMPETES_WITH,"SEC 10-K: Key competitors include Synopsys, Inc., Ansys, Inc. (acquired by Synopsys), Siemens EDA, and a varie",전자 설계 자동화 (EDA),True,,auto_candidate,pending,True,True,1.0,True,auto_candidate,pending,False,True,False,전자 설계 자동화 (EDA),"주요 경쟁사로는 Synopsys, Inc., Ansys, Inc. (Synopsys에 인수됨), Siemens EDA 등이 언급된다.",list|m&a|truncated
CHTR↔T,COMPETES_WITH,"SEC 10-K: Our mobile service faces competition from national mobile network operators (“MNOs”) including AT&T,",모바일 서비스,True,,auto_candidate,pending,True,True,1.0,True,auto_candidate,pending,False,False,True,기타,회사의 모바일 서비스는 AT&T를 포함한 전국 이동통신사들로부터 경쟁에 직면해 있다.,truncated
CHTR↔TMUS,COMPETES_WITH,"SEC 10-K: In addition, our wireless communications services competitors include numerous smaller and regional ",무선 통신 서비스,True,,pending,pending,False,True,0.8,True,pending,pending,False,False,False,통신·네트워크,회사의 무선 통신 서비스 경쟁사에는 다수의 소규모 및 지역 경쟁사들이 포함된다.,target_absent|truncated
CI↔GEHC,COMPETES_WITH,"SEC 10-K: However, we continue to monitor developments in the China market, including increased competition fr",,True,,pending,pending,False,True,0.3,True,pending,pending,False,False,False,,"회사(발표 주체)는 중국 시장의 동향, 특히 증가하는 경쟁을 계속 주시하고 있다고 밝힌다.",target_absent|truncated
CMCSA↔TMUS,COMPETES_WITH,"SEC 10-K: In addition, our wireless communications services competitors include numerous smaller and regional ",무선 통신 서비스,True,,pending,pending,False,True,0.2,True,pending,pending,False,False,False,통신·네트워크,회사의 무선 통신 서비스 경쟁사에는 다수의 소규모 및 지역 경쟁사들이 포함된다.,target_absent|truncated
CME↔ICE,COMPETES_WITH,"SEC 10-K: Our competitors include, among other entities, exchanges such as Intercontinental Exchange, Inc. (IC",금융 거래소,True,,auto_candidate,pending,True,True,1.0,True,auto_candidate,pending,False,True,False,금융·결제·거래소,"회사(발표 주체)는 Intercontinental Exchange, Inc.와 같은 거래소들이 경쟁사에 포함된다고 밝힌다.",list|truncated
CME↔MSCI,COMPETES_WITH,SEC 10-K: Among our Index competitors are S&P Dow Jones Indices LLC (a joint venture of S&P Global Inc. and CM,인덱스 서비스,True,,pending,pending,False,True,0.95,True,pending,pending,False,False,False,금융·결제·거래소,회사의 인덱스 경쟁사에는 S&P Global Inc.와 CM의 합작 투자 회사인 S&P Dow Jones Indices LLC가 포함된다.,target_absent|truncated
COO↔HOLX,COMPETES_WITH,"SEC 10-K: Larger companies such as Johnson & Johnson, Baxter International, Medtronic and Hologic have offerin",,False,COMPETES_WITH,pending,pending,True,True,0.05,True,noise_self_contradiction,pending,True,True,False,,"Johnson & Johnson, Baxter International, Medtronic, Hologic과 같은 대기업들이 특정 제품이나 서비스를 제공하고 있다고 서술한다.",list|truncated
COO↔JNJ,COMPETES_WITH,"SEC 10-K: Larger companies such as Johnson & Johnson, Baxter International, Medtronic and Hologic have offerin",,True,,auto_candidate,pending,True,True,0.9,True,auto_candidate,pending,False,True,False,,"Johnson & Johnson, Baxter International, Medtronic, Hologic과 같은 대기업들이 특정 제품이나 서비스를 제공하고 있다고 서술한다.",list|truncated
COO↔MDT,COMPETES_WITH,"SEC 10-K: Larger companies such as Johnson & Johnson, Baxter International, Medtronic and Hologic have offerin",,False,,pending,pending,True,True,0.0,True,pending,pending,False,True,False,,"Johnson & Johnson, Baxter International, Medtronic, Hologic과 같은 대기업들이 제공하는 제품을 언급한다.",list|truncated
COO↔RVTY,COMPETES_WITH,"SEC 10-K: In the stem cell storage field, we compete primarily with ViaCord, a division of Revvity, in the Uni",줄기세포 보관,True,,auto_candidate,pending,True,True,1.0,True,auto_candidate,pending,False,True,False,줄기세포 보관,회사는 줄기세포 보관 분야에서 Revvity의 사업부인 ViaCord와 주로 경쟁한다고 명시한다.,list|truncated
COR↔MCK,COMPETES_WITH,"SEC 10-K: Certain competitors also offer combinations of distribution, GPO, and provider services capabilities",유통,True,,pending,pending,False,True,0.85,True,pending,pending,False,False,False,기타,"일부 경쟁업체들은 유통, GPO 및 제공업체 서비스 역량의 조합을 제공한다고 서술한다.",target_absent|truncated
COST↔TGT,COMPETES_WITH,"SEC 10-K: Walmart, Target, Kroger, and Amazon are among our significant general merchandise retail competitors",종합 상품 소매,True,,auto_candidate,pending,True,True,1.0,True,auto_candidate,pending,False,True,False,소매·소비재,"Walmart, Target, Kroger, Amazon을 자사의 주요 일반 상품 소매 경쟁업체로 언급한다.",list|truncated
COST↔WMT,COMPETES_WITH,"SEC 10-K: Walmart, Target, Kroger, and Amazon are among our significant general merchandise retail competitors",종합 소매,True,,auto_candidate,pending,True,True,1.0,True,auto_candidate,pending,False,True,False,소매·소비재,"Walmart, Target, Kroger, Amazon을 자사의 주요 일반 상품 소매 경쟁업체로 언급한다.",list|truncated
CRM↔ORCL,COMPETES_WITH,"SEC 10-K: Our enterprise cloud, license and hardware offerings compete directly with certain offerings from so",기업 클라우드,True,,pending,pending,False,True,0.6,True,pending,pending,False,False,False,클라우드·엔터프라이즈SW,"회사의 기업 클라우드, 라이선스 및 하드웨어 제품이 일부 경쟁업체의 특정 제품과 직접 경쟁한다고 서술한다.",target_absent|truncated
CSCO↔DDOG,COMPETES_WITH,"SEC 10-K: With respect to APM, we compete with companies including Cisco Systems, Inc., New Relic, Inc. and Dy",애플리케이션 성능 모니터링,True,,pending,pending,False,True,1.0,True,pending,pending,False,True,False,기타,"APM(애플리케이션 성능 관리) 분야에서 Cisco Systems, New Relic, Dynatrace 등을 포함한 회사들과 경쟁한다고 명시한다.",list|target_absent|truncated
CSCO↔ORCL,COMPETES_WITH,"SEC 10-K: Our enterprise cloud, license and hardware offerings compete directly with certain offerings from so",엔터프라이즈 클라우드,True,,pending,pending,False,True,0.8,True,pending,pending,False,False,False,클라우드·엔터프라이즈SW,"회사의 기업 클라우드, 라이선스 및 하드웨어 제품이 일부 경쟁업체의 특정 제품과 직접 경쟁한다고 서술한다.",target_absent|truncated
CSX↔NSC,COMPETES_WITH,"SEC 10-K: CSXT’s primary rail competitor is Norfolk Southern Railway, which operates throughout much of the Co",철도,True,,auto_candidate,pending,True,True,1.0,True,auto_candidate,pending,False,False,False,철도,CSXT의 주요 철도 경쟁업체가 미국 대부분 지역에서 운영되는 Norfolk Southern Railway라고 언급한다.,truncated
CVNA↔TSLA,COMPETES_WITH,"SEC 10-K: For example, rapid changes in technology, including rideshare services and the development of autono",자율주행 기술,False,COMPETES_WITH,pending,pending,False,True,0.1,True,noise_self_contradiction,pending,True,False,False,자율주행 기술,차량 공유 서비스와 자율주행차 개발을 포함한 기술의 급격한 변화를 예시로 든다.,target_absent|truncated
DAY↔WDAY,COMPETES_WITH,"SEC 10-K: These vendors include, without limitation, Anaplan, Inc.; ADP; Coupa Software Inc.; Dayforce, Inc.; ",,False,SUPPLIES_TO,pending,pending,False,True,0.1,True,pending,pending,False,True,False,,"이 문장은 Anaplan, ADP, Coupa Software, Dayforce 등의 공급업체들을 언급한다.",list|target_absent|truncated
DDOG↔MSFT,COMPETES_WITH,"SEC 10-K: With respect to on-premise infrastructure monitoring, we compete with diversified technology compani",온프레미스 인프라 모니터링,True,,pending,pending,False,True,0.8,True,pending,pending,False,False,False,기타,이 회사는 온프레미스 인프라 모니터링 분야에서 다양한 기술 회사들과 경쟁하고 있음을 서술한다.,target_absent|truncated
DDOG↔SNDK,COMPETES_WITH,"SEC 10-K: With respect to on-premise infrastructure monitoring, we compete with diversified technology compani",,False,,pending,pending,False,True,0.0,True,pending,pending,False,False,False,,이 회사는 온프레미스 인프라 모니터링 분야에서 다양한 기술 회사들과 경쟁하고 있음을 서술한다.,target_absent|truncated
DG↔DLTR,COMPETES_WITH,"SEC 10-K: Our primary direct competitors are Walmart, Family Dollar and Dollar Tree.",소매업,True,,auto_candidate,pending,True,True,1.0,True,auto_candidate,pending,False,False,False,소매·소비재,"이 회사의 주요 직접 경쟁사로 월마트, 패밀리 달러, 달러 트리가 언급된다.",
DG↔WMT,COMPETES_WITH,"SEC 10-K: Our primary direct competitors are Walmart, Family Dollar and Dollar Tree.",할인 소매,True,,auto_candidate,pending,True,True,1.0,True,auto_candidate,pending,False,False,False,소매·소비재,"이 회사의 주요 직접 경쟁사로 월마트, 패밀리 달러, 달러 트리가 언급된다.",
DIS↔FOXA,COMPETES_WITH,"SEC 10-K: direct-to-consumer streaming services such as ESPN+, YouTube, Peacock, Amazon Prime Video, Netflix, ",스트리밍 서비스,True,,pending,pending,False,True,0.7,True,pending,pending,False,True,False,미디어·스트리밍·검색,"이 문장은 ESPN+, YouTube, Peacock, Amazon Prime Video, Netflix 등의 직접 소비자 대상 스트리밍 서비스를 열거한다.",list|target_absent|truncated
DOV↔IR,COMPETES_WITH,"SEC 10-K: Our primary competitors include Dover, Graco, IDEX Corporation, KNF Neuberger, Netzsch, NOV, Sartori",,True,,pending,pending,False,True,1.0,True,pending,pending,False,True,False,,"이 회사의 주요 경쟁사로 Dover, Graco, IDEX Corporation, KNF Neuberger, Netzsch, NOV, Sartorius 등이 언급된다.",list|target_absent|truncated
DXCM↔MDT,COMPETES_WITH,SEC 10-K: Medtronic plc’s Diabetes Group (which implemented a spinoff of its diabetes business into a separate,당뇨병 관리,False,COMPETES_WITH,pending,pending,True,True,0.1,True,noise_self_contradiction,pending,True,False,False,당뇨병 관리,Medtronic plc의 당뇨병 그룹이 당뇨병 사업을 별도 법인으로 분사했음을 서술한다.,m&a|truncated
EBAY↔GOOG,COMPETES_WITH,"SEC 10-K: From time to time, Alphabet has made changes to their algorithms and methodologies that have reduced",,False,DEPENDS_ON,pending,pending,True,True,0.0,True,pending,pending,False,False,False,,Alphabet이 주기적으로 알고리즘 및 방법론을 변경하여 특정 감소를 초래했음을 언급한다.,truncated
EFX↔FICO,COMPETES_WITH,"SEC 10-K: For example, Experian, TransUnion and Equifax have developed a credit scoring product to compete dir",신용 점수 산정 제품,True,,pending,pending,False,True,0.9,True,pending,pending,False,True,False,신용 점수 산정 제품,"Experian, TransUnion, Equifax가 직접 경쟁하기 위한 신용 평가 상품을 개발했음을 예시로 든다.",list|target_absent|truncated
EXPE↔GOOGL,COMPETES_WITH,"SEC 10-K: In addition to the growth of online travel agencies, we have seen continued interest in the online t",온라인 여행사,False,COMPETES_WITH,pending,pending,False,True,0.2,True,noise_self_contradiction,pending,True,False,False,여행·숙박·크루즈,온라인 여행사의 성장에 더해 온라인 여행에 대한 지속적인 관심을 언급한다.,target_absent|truncated
FAST↔GPC,COMPETES_WITH,"SEC 10-K: In industrial distribution, our main competitor is Applied Industrial Technologies, Inc., but we als",산업 유통,False,COMPETES_WITH,pending,pending,False,True,0.0,True,noise_self_contradiction,pending,True,True,False,자동차·부품·산업재,"산업 유통 분야의 주요 경쟁사로 Applied Industrial Technologies, Inc.를 언급하며 다른 경쟁사들도 있음을 서술한다.",list|target_absent|truncated
FIS↔JKHY,COMPETES_WITH,SEC 10-K: Our core solutions compete with large vendors that provide information and transaction processing so,정보·거래 처리 솔루션,True,,pending,pending,False,True,0.5,True,pending,pending,False,False,False,기타,회사의 핵심 솔루션이 정보 및 거래 처리 솔루션을 제공하는 대형 공급업체들과 경쟁한다고 서술한다.,target_absent|truncated
FISV↔GPN,COMPETES_WITH,"SEC 10-K: Our competitors in this business include, but are not limited to, Fiserv, FIS, Marqeta, Nexi, Worldl",,True,,pending,pending,False,True,1.0,True,pending,pending,False,True,False,,"해당 사업의 경쟁사로 Fiserv, FIS, Marqeta, Nexi, Worldline 등을 포함하여 언급한다.",list|target_absent|truncated
FISV↔JKHY,COMPETES_WITH,SEC 10-K: Our core solutions compete with large vendors that provide information and transaction processing so,정보 및 거래 처리,True,,pending,pending,False,True,1.0,True,pending,pending,False,False,False,기타,회사의 핵심 솔루션이 정보 및 거래 처리 솔루션을 제공하는 대형 공급업체들과 경쟁한다고 서술한다.,target_absent|truncated
FOXA↔GOOGL,COMPETES_WITH,"SEC 10-K: direct-to-consumer streaming services such as ESPN+, YouTube, Peacock, Amazon Prime Video, Netflix, ",다이렉트 투 컨슈머 스트리밍 서비스,True,,pending,pending,False,True,0.9,True,pending,pending,False,True,False,미디어·스트리밍·검색,"ESPN+, YouTube, Peacock, Amazon Prime Video, Netflix 등과 같은 소비자 직접 판매 스트리밍 서비스를 언급한다.",list|target_absent|truncated
FOXA↔NFLX,COMPETES_WITH,"SEC 10-K: direct-to-consumer streaming services such as ESPN+, YouTube, Peacock, Amazon Prime Video, Netflix, ",스트리밍 서비스,True,,auto_candidate,pending,True,True,0.8,True,auto_candidate,pending,False,True,False,미디어·스트리밍·검색,"ESPN+, YouTube, Peacock, Amazon Prime Video, Netflix 등과 같은 소비자 직접 판매 스트리밍 서비스를 언급한다.",list|truncated
GOOG↔ORCL,COMPETES_WITH,"SEC 10-K: Our enterprise cloud, license and hardware offerings compete directly with certain offerings from so",엔터프라이즈 클라우드,True,,pending,pending,False,True,0.6,True,pending,pending,False,False,False,클라우드·엔터프라이즈SW,"회사의 엔터프라이즈 클라우드, 라이선스 및 하드웨어 제품이 일부 기업의 특정 제품과 직접 경쟁한다고 서술한다.",target_absent|truncated
GOOGL↔ORCL,COMPETES_WITH,"SEC 10-K: Our enterprise cloud, software and hardware offerings compete directly with certain offerings from s",클라우드 서비스,True,,pending,pending,False,True,0.9,True,pending,pending,False,False,False,클라우드·엔터프라이즈SW,"회사의 엔터프라이즈 클라우드, 소프트웨어 및 하드웨어 제품이 일부 기업의 특정 제품과 직접 경쟁한다고 서술한다.",target_absent|truncated
GOOGL↔SYF,COMPETES_WITH,"SEC 10-K: In addition, some larger technology focused companies, e.g., Apple and Google, and larger retailers ",,False,COMPETES_WITH,pending,pending,False,True,0.0,True,noise_self_contradiction,pending,True,False,False,,Apple 및 Google과 같은 일부 대형 기술 중심 기업과 대형 소매업체들을 언급한다.,target_absent|truncated
GOOGL↔TTD,COMPETES_WITH,"SEC 10-K: We compete with other demand-side platform providers, some of which are smaller, privately held comp",수요측 플랫폼,True,,pending,pending,False,True,0.95,True,pending,pending,False,False,False,수요측 플랫폼,"회사는 다른 수요측 플랫폼 제공업체들과 경쟁하며, 이들 중 일부는 소규모의 비상장 회사이다.",target_absent|truncated
GPC↔GWW,COMPETES_WITH,"SEC 10-K: In industrial distribution, our main competitor is Applied Industrial Technologies, Inc., but we als",,False,COMPETES_WITH,pending,pending,False,True,0.0,True,noise_self_contradiction,pending,True,True,False,,"산업 유통 분야에서 회사의 주요 경쟁사는 Applied Industrial Technologies, Inc.이다.",list|target_absent|truncated
GPC↔LKQ,COMPETES_WITH,"SEC 10-K: Key competitors in North America include AutoZone, Inc., O'Reilly Auto Parts, Inc., Advance Auto Par",자동차 부품 유통,False,COMPETES_WITH,pending,pending,False,True,0.2,True,noise_self_contradiction,pending,True,True,False,자동차·부품·산업재,"북미 지역에서 회사의 주요 경쟁사로는 AutoZone, Inc., O'Reilly Auto Parts, Inc., Advance Auto Parts 등이 있다.",list|target_absent|truncated
GPN↔TPR,COMPETES_WITH,"SEC 10-K: In the United States, we compete with a large number of providers, including but not limited to Fise",,False,,pending,pending,False,True,0.0,True,pending,pending,False,False,False,,미국에서 회사는 Fise 등을 포함한 다수의 공급업체와 경쟁한다.,target_absent|truncated
GPN↔XYZ,COMPETES_WITH,"SEC 10-K: In the United States, we compete with a large number of providers, including but not limited to Fise",,False,,pending,pending,False,True,0.0,True,pending,pending,False,False,False,,미국에서 회사는 Fise 등을 포함한 다수의 공급업체와 경쟁한다.,target_absent|truncated
HON↔JCI,COMPETES_WITH,"SEC 10-K: Larger competitors include Honeywell International, Inc.; Siemens Smart Infrastructure, an operating",,True,,auto_candidate,pending,True,True,1.0,True,auto_candidate,pending,False,True,False,,"회사의 대형 경쟁사로는 Honeywell International, Inc.와 Siemens Smart Infrastructure 등이 있다.",list|truncated
HPE↔ORCL,COMPETES_WITH,"SEC 10-K: Our enterprise cloud, license and hardware offerings compete directly with certain offerings from so",엔터프라이즈 클라우드,True,,pending,pending,False,True,0.8,True,pending,pending,False,False,False,클라우드·엔터프라이즈SW,"회사의 엔터프라이즈 클라우드, 라이선스 및 하드웨어 제품은 일부 회사의 특정 제품과 직접 경쟁한다.",target_absent|truncated
HPQ↔MSFT,COMPETES_WITH,"SEC 10-K: Our primary competitors are Acer Inc., Apple Inc., ASUSTeK Computer Inc., Dell Inc., Huawei Technolo",,False,PARTNER_WITH,pending,pending,False,True,0.0,True,pending,pending,False,True,False,,"회사의 주요 경쟁사는 Acer Inc., Apple Inc., ASUSTeK Computer Inc., Dell Inc., Huawei Technologies 등이다.",list|target_absent|truncated
IBM↔ORCL,COMPETES_WITH,"SEC 10-K: Our enterprise cloud, license and hardware offerings compete directly with certain offerings from so",엔터프라이즈 클라우드,True,,pending,pending,False,True,0.9,True,pending,pending,False,False,False,클라우드·엔터프라이즈SW,"회사의 엔터프라이즈 클라우드, 라이선스 및 하드웨어 제품은 일부 회사의 특정 제품과 직접 경쟁한다.",target_absent|truncated
IEX↔IR,COMPETES_WITH,"SEC 10-K: Our primary competitors include Dover, Graco, IDEX Corporation, KNF Neuberger, Netzsch, NOV, Sartori",,True,,pending,pending,False,True,1.0,True,pending,pending,False,True,False,,"회사의 주요 경쟁사로는 Dover, Graco, IDEX Corporation, KNF Neuberger, Netzsch, NOV, Sartori 등이 있다.",list|target_absent|truncated
INCY↔ORCL,COMPETES_WITH,"SEC 10-K: For example, following our acquisition of Cerner Corporation, we also face competition from large he",,False,,pending,pending,True,True,0.0,True,pending,pending,False,False,False,,회사는 Cerner Corporation 인수에 따라 대규모 경쟁에 직면한다고 서술한다.,m&a|truncated
INTC↔ORCL,COMPETES_WITH,"SEC 10-K: Our enterprise cloud, license and hardware offerings compete directly with certain offerings from so",엔터프라이즈 클라우드,True,,pending,pending,False,True,0.9,True,pending,pending,False,False,False,클라우드·엔터프라이즈SW,"회사의 엔터프라이즈 클라우드, 라이선스 및 하드웨어 제품은 다른 기업의 특정 제품과 직접 경쟁한다고 서술한다.",target_absent|truncated
IR↔TMO,COMPETES_WITH,"SEC 10-K: Our primary competitors include Dover, Graco, IDEX Corporation, KNF Neuberger, Netzsch, NOV, Sartori",,False,COMPETES_WITH,pending,pending,False,True,0.0,True,noise_self_contradiction,pending,True,True,False,,"회사의 주요 경쟁사로 Dover, Graco, IDEX Corporation, KNF Neuberger, Netzsch, NOV, Sartori 등을 언급한다.",list|target_absent|truncated
ISRG↔JNJ,COMPETES_WITH,"SEC 10-K: Companies that have introduced products in the field of robotic-assisted medical procedures, or have",수술용 로봇,True,,pending,pending,False,True,0.9,True,pending,pending,False,False,False,수술용 로봇,로봇 보조 의료 시술 분야에 제품을 도입한 회사들을 언급한다.,target_absent|truncated
ISRG↔MDT,COMPETES_WITH,"SEC 10-K: Companies that have introduced products in the field of robotic-assisted medical procedures, or have",로봇 보조 수술,True,,pending,pending,False,True,0.7,True,pending,pending,False,False,False,로봇 보조 수술,로봇 보조 의료 시술 분야에 제품을 도입한 회사들을 언급한다.,target_absent|truncated
JCI↔TT,COMPETES_WITH,"SEC 10-K: Larger competitors include Honeywell International, Inc.; Siemens Smart Infrastructure, an operating",,False,,pending,pending,False,True,0.0,True,pending,pending,False,True,False,,"주요 경쟁사로 Honeywell International, Inc.와 Siemens Smart Infrastructure를 언급한다.",list|target_absent|truncated
JCI↔VRT,COMPETES_WITH,"SEC 10-K: Larger competitors include Honeywell International, Inc.; Siemens Smart Infrastructure, an operating",,False,COMPETES_WITH,pending,pending,False,True,0.0,True,noise_self_contradiction,pending,True,True,False,,"주요 경쟁사로 Honeywell International, Inc.와 Siemens Smart Infrastructure를 언급한다.",list|target_absent|truncated
JPM↔SYF,COMPETES_WITH,"SEC 10-K: Our primary competitors for partners include major financial institutions, such as American Express,",금융 서비스,True,,pending,pending,True,True,0.3,True,pending,pending,False,False,False,금융·결제·거래소,파트너 확보를 위한 주요 경쟁사로 American Express와 같은 주요 금융 기관들을 언급한다.,truncated
KO↔PEP,COMPETES_WITH,"SEC 10-K: In many countries in which our products are sold, including the United States, The Coca-Cola Company",음료 시장,True,,pending,pending,False,True,0.9,True,pending,pending,False,True,False,음료 시장,회사의 제품이 판매되는 여러 국가 중 미국에서 The Coca-Cola Company가 활동한다고 언급한다.,list|target_absent|truncated
MA↔V,COMPETES_WITH,"SEC 10-K: We compete worldwide with payments networks such as Visa, American Express, JCB, China UnionPay and ",결제 네트워크,True,,auto_candidate,pending,True,True,1.0,True,auto_candidate,pending,False,True,False,금융·결제·거래소,"회사는 Visa, American Express, JCB, China UnionPay와 같은 결제 네트워크와 전 세계적으로 경쟁한다고 서술한다.",list|truncated
MSCI↔NDAQ,COMPETES_WITH,SEC 10-K: Among our Index competitors are ... Nasdaq Inc,인덱스 서비스,True,,auto_candidate,pending,True,True,0.95,True,auto_candidate,pending,False,False,False,금융·결제·거래소,회사는 Nasdaq Inc를 자사의 인덱스 경쟁사 중 하나로 언급한다.,truncated
MSCI↔SPGI,COMPETES_WITH,SEC 10-K: Among our Index competitors are S&P Dow Jones Indices LLC (a joint venture of S&P Global Inc. and CM,지수 서비스,True,,auto_candidate,pending,True,True,1.0,True,auto_candidate,pending,False,False,False,지수 서비스,"회사는 S&P Dow Jones Indices LLC를 인덱스 경쟁사로 언급하며, 이는 S&P Global Inc.와 CM의 합작 투자 회사라고 설명한다.",m&a|truncated
MSFT↔ORCL,COMPETES_WITH,"SEC 10-K: Our enterprise cloud, license and hardware offerings compete directly with certain offerings from so",엔터프라이즈 클라우드,True,,pending,pending,False,True,1.0,True,pending,pending,False,False,False,클라우드·엔터프라이즈SW,"회사의 엔터프라이즈 클라우드, 라이선스 및 하드웨어 제품이 특정 기업의 제품들과 직접 경쟁한다고 서술한다.",target_absent|truncated
MSFT↔WDAY,COMPETES_WITH,"SEC 10-K: These vendors include, without limitation, Anaplan, Inc.; ADP; Coupa Software Inc.; Dayforce, Inc.; ",,False,,pending,pending,False,True,0.0,True,pending,pending,False,True,False,,"회사가 언급하는 공급업체에는 Anaplan, Inc., ADP, Coupa Software Inc., Dayforce, Inc. 등이 포함된다.",list|target_absent|truncated
MTB↔SYF,COMPETES_WITH,"SEC 10-K: Our primary competitors for partners include major financial institutions, such as American Express,",금융 서비스,True,,pending,pending,True,True,0.3,True,pending,pending,False,False,False,금융·결제·거래소,회사는 파트너 경쟁사로 American Express와 같은 주요 금융 기관들을 언급한다.,truncated
MU↔SNDK,COMPETES_WITH,SEC 10-K: We face intense competition in the semiconductor memory and storage markets from a number of compani,반도체 메모리,True,,pending,pending,False,True,1.0,True,pending,pending,False,False,False,반도체·메모리,회사는 반도체 메모리 및 스토리지 시장에서 다수의 회사들과 치열한 경쟁에 직면해 있다고 서술한다.,target_absent|truncated
NOW↔WDAY,COMPETES_WITH,"SEC 10-K: These vendors include, without limitation, Anaplan, Inc.; ADP; Coupa Software Inc.; Dayforce, Inc.; ",,False,,pending,pending,False,True,0.0,True,pending,pending,False,True,False,,"회사가 언급하는 공급업체에는 Anaplan, Inc., ADP, Coupa Software Inc., Dayforce, Inc. 등이 포함된다.",list|target_absent|truncated
ORCL↔WDAY,COMPETES_WITH,"SEC 10-K: Our enterprise cloud, license and hardware offerings compete directly with certain offerings from so",엔터프라이즈 클라우드,True,,pending,pending,False,True,0.5,True,pending,pending,False,False,False,클라우드·엔터프라이즈SW,"회사의 엔터프라이즈 클라우드, 라이선스 및 하드웨어 제품이 특정 기업의 제품들과 직접 경쟁한다고 서술한다.",target_absent|truncated
SATS↔TMUS,COMPETES_WITH,"SEC 10-K: In addition, our wireless communications services competitors include numerous smaller and regional ",무선 통신 서비스,True,,pending,pending,False,True,0.1,True,pending,pending,False,False,False,통신·네트워크,회사의 무선 통신 서비스 경쟁사에는 다수의 소규모 및 지역 기업들이 포함된다고 언급한다.,target_absent|truncated
SO↔SO,COMPETES_WITH,SEC 10-K: Southern Company Gas' natural gas distribution utilities do not compete with other distributors of n,천연가스 유통,False,COMPETES_WITH,pending,pending,True,True,0.9,True,noise_self_contradiction,pending,True,False,False,천연가스 유통,Southern Company Gas의 천연가스 유통 사업부가 다른 천연가스 유통업체들과 경쟁하지 않는다고 서술한다.,truncated
STZ↔TAP,COMPETES_WITH,"SEC 10-K: In the U.S. and Canada, we compete most directly with Anheuser-Busch InBev SA/NV (""ABI"") and Constel",맥주 시장,True,,pending,pending,False,True,0.95,True,pending,pending,False,False,False,맥주 시장,미국과 캐나다에서 이 회사는 Anheuser-Busch InBev SA/NV 및 Constel과 가장 직접적으로 경쟁한다.,target_absent|truncated
SYF↔WFC,COMPETES_WITH,"SEC 10-K: Our primary competitors for partners include major financial institutions, such as American Express,",금융 파트너십,True,,pending,pending,False,True,0.6,True,pending,pending,False,False,False,금융·결제·거래소,이 회사의 주요 파트너 경쟁사에는 American Express와 같은 주요 금융 기관이 포함된다.,target_absent|truncated
T↔TMUS,COMPETES_WITH,"SEC 10-K: In the market for broadband services, traditional cable providers, AT&T, Verizon, and other players ",광대역 서비스,True,,pending,pending,False,True,0.9,True,pending,pending,False,False,False,광대역 서비스,"브로드밴드 서비스 시장에서 전통적인 케이블 제공업체, AT&T, Verizon 및 기타 업체들이 존재한다.",target_absent|truncated
TMUS↔VZ,COMPETES_WITH,"SEC 10-K: Our wireless communications services competitors include other carriers, such as AT&T Inc. (“AT&T”) ",무선 통신 서비스,True,,pending,pending,True,True,0.6,True,pending,pending,False,False,False,통신·네트워크,이 회사의 무선 통신 서비스 경쟁사에는 AT&T Inc.와 같은 다른 통신사들이 포함된다.,
ADI↔TSM,DEPENDS_ON,"SEC 10-K: Additionally, more than half of the Company’s purchases of external wafer and foundry services are f",반도체 파운드리 서비스,True,,pending,pending,True,True,0.5,True,pending,pending,False,False,False,반도체·메모리,이 회사의 외부 웨이퍼 및 파운드리 서비스 구매의 절반 이상이 특정 출처로부터 이루어진다.,truncated
AMGN↔HCA,DEPENDS_ON,"SEC 10-K: In 2024, Change Healthcare, a large U.S. insurance claim and co-pay card processing clearinghouse, e",,False,DEPENDS_ON,pending,pending,True,True,0.0,True,noise_self_contradiction,pending,True,False,False,,2024년에 미국의 대규모 보험 청구 및 공동 부담금 카드 처리 청산소인 Change Healthcare에서 특정 사건이 발생했다.,truncated
ANET↔AVGO,DEPENDS_ON,"SEC 10-K: In particular, we are primarily reliant upon our predominant merchant silicon vendor, Broadcom, for ",상업용 실리콘,True,,auto_candidate,pending,True,True,1.0,True,auto_candidate,pending,False,False,False,상업용 실리콘,이 회사는 주요 상용 실리콘 공급업체인 Broadcom에 주로 의존한다.,truncated
APP↔META,DEPENDS_ON,SEC 10-K: The mobile app ecosystem depends in part on a relatively small number of third-party distribution pl,모바일 앱 생태계,True,,pending,pending,False,True,0.2,True,pending,pending,False,False,False,기타,모바일 앱 생태계는 일부 소수의 서드파티 배포 플랫폼에 의존한다.,target_absent|truncated
BKNG↔AAPL,DEPENDS_ON,"SEC 10-K: restrictions on the use of the identifier for advertisers (such as the Apple ""IDFA"") by mobile devic",모바일 광고,True,,auto_candidate,pending,True,True,0.9,True,auto_candidate,pending,False,False,False,미디어·스트리밍·검색,"모바일 기기 업체들이 광고주용 식별자(예: Apple ""IDFA"") 사용에 대한 제한을 둔다.",truncated
BR↔UPS,DEPENDS_ON,"SEC 10-K: We rely upon the USPS and third-party carriers, including the United Parcel Service, for timely deli",물류·운송,True,,auto_candidate,pending,True,True,1.0,True,auto_candidate,pending,False,False,False,물류·운송,이 회사는 적시 배송을 위해 USPS 및 United Parcel Service를 포함한 서드파티 운송업체에 의존한다.,truncated
CCI↔EQT,DEPENDS_ON,SEC 10-K: The restrictions and requirements imposed on our business and operations pursuant to certain covenan,,False,,pending,pending,False,True,0.0,True,pending,pending,False,False,False,,특정 약정에 따라 회사 사업 및 운영에 부과되는 제한 및 요구 사항을 설명한다.,target_absent|truncated
CI↔HCA,DEPENDS_ON,"SEC 10-K: For example, Change Healthcare, a health technology company owned by UnitedHealth Group and a servic",,False,DEPENDS_ON,pending,pending,True,True,0.0,True,noise_self_contradiction,pending,True,True,False,,UnitedHealth Group이 소유한 헬스케어 기술 기업인 Change Healthcare가 서비스 제공자임을 언급한다.,list|m&a|truncated
CME↔NDAQ,DEPENDS_ON,SEC 10-K: We also have exclusive license agreements for certain Nasdaq indices through 2039 and for certain Ru,금융 지수,True,,auto_candidate,pending,True,True,0.9,True,auto_candidate,pending,False,False,False,금융·결제·거래소,회사가 2039년까지 특정 나스닥 지수 및 특정 러셀 지수에 대한 독점 라이선스 계약을 보유하고 있음을 명시한다.,truncated
CPAY↔V,DEPENDS_ON,"SEC 10-K: Third-party networks are operated by independent parties, such as MasterCard and VISA, and tend to b",결제 네트워크,True,,auto_candidate,pending,True,True,0.9,True,auto_candidate,pending,False,False,False,금융·결제·거래소,마스터카드 및 비자와 같은 독립적인 당사자들이 제3자 네트워크를 운영함을 설명한다.,truncated
CSGP↔GOOGL,DEPENDS_ON,"SEC 10-K: For example, starting on July 1, 2024, Universal Analytics (UA), Google’s legacy analytics platform ",웹 분석 플랫폼,False,,pending,pending,True,True,0.0,True,pending,pending,False,True,False,웹 분석 플랫폼,구글의 기존 분석 플랫폼인 유니버설 애널리틱스(UA)가 2024년 7월 1일부터 어떻게 되는지 언급한다.,list|truncated
DLR↔DLR,DEPENDS_ON,"SEC 10-K: As the sole general partner of our Operating Partnership, our Parent has the full, exclusive and com",,True,,pending,pending,False,True,0.9,True,pending,pending,False,False,False,,모회사가 영업 파트너십의 유일한 무한책임사원으로서 완전하고 배타적인 권한을 가지고 있음을 명시한다.,target_absent|truncated
EBAY↔GOOGL,DEPENDS_ON,"SEC 10-K: In addition, we rely on Google search to direct a significant amount of traffic to our platforms.",온라인 검색,True,,auto_candidate,pending,True,True,0.9,True,auto_candidate,pending,False,False,False,미디어·스트리밍·검색,회사가 자사 플랫폼으로 상당한 트래픽을 유도하기 위해 구글 검색에 의존함을 설명한다.,
EXR↔EXR,DEPENDS_ON,"SEC 10-K: The Company was formed to continue the business of Extra Space Storage LLC and its subsidiaries, whi",셀프 스토리지,True,,auto_candidate,pending,True,True,0.9,True,auto_candidate,pending,False,False,False,셀프 스토리지,회사가 Extra Space Storage LLC 및 그 자회사들의 사업을 계속하기 위해 설립되었음을 설명한다.,m&a|truncated
FICO↔EFX,DEPENDS_ON,"SEC 10-K: Our Scores segment relies on, among others, Experian, TransUnion and Equifax.",신용정보 서비스,True,,auto_candidate,pending,True,True,1.0,True,auto_candidate,pending,False,True,False,신용정보 서비스,"회사의 Scores 부문이 Experian, TransUnion, Equifax 등에 의존함을 명시한다.",list
FTNT↔AMD,DEPENDS_ON,"SEC 10-K: Some of the components important to our business, including certain Central Processing Units (“CPUs”",CPU,True,,pending,pending,False,True,0.8,True,pending,pending,False,False,False,반도체·메모리,중앙 처리 장치(CPU)를 포함하여 회사 사업에 중요한 일부 구성 요소를 언급한다.,target_absent
FTNT↔AVGO,DEPENDS_ON,"SEC 10-K: Some of the components important to our business, including certain Central Processing Units (“CPUs”",중앙처리장치(CPU),True,,pending,pending,False,True,0.7,True,pending,pending,False,False,False,반도체·메모리,회사의 사업에 중요한 부품 중 일부로 특정 CPU가 언급된다.,target_absent
FTNT↔DIS,DEPENDS_ON,"SEC 10-K: Some of the components important to our business, including certain Central Processing Units (“CPUs”",,False,,pending,pending,False,True,0.0,True,pending,pending,False,False,False,,회사의 사업에 중요한 부품 중 일부로 특정 CPU가 언급된다.,target_absent
FTNT↔INTC,DEPENDS_ON,"SEC 10-K: Some of the components important to our business, including certain Central Processing Units (“CPUs”",CPU,True,,pending,pending,False,True,0.9,True,pending,pending,False,False,False,반도체·메모리,회사의 사업에 중요한 부품 중 일부로 특정 CPU가 언급된다.,target_absent
FTNT↔MU,DEPENDS_ON,"SEC 10-K: Some of the components important to our business, including certain Central Processing Units (“CPUs”",,False,DEPENDS_ON,pending,pending,False,True,0.0,True,noise_self_contradiction,pending,True,False,False,,회사의 사업에 중요한 부품 중 일부로 특정 CPU가 언급된다.,target_absent
FTNT↔QCOM,DEPENDS_ON,"SEC 10-K: Some of the components important to our business, including certain Central Processing Units (“CPUs”",중앙처리장치,True,,pending,pending,False,True,0.6,True,pending,pending,False,False,False,중앙처리장치,회사의 사업에 중요한 부품 중 일부로 특정 CPU가 언급된다.,target_absent
GDDY↔META,DEPENDS_ON,SEC 10-K: Our customers and their businesses rely heavily on tools and solutions that help them manage and gro,,False,COMPETES_WITH,pending,pending,False,True,0.1,True,pending,pending,False,False,False,,회사의 고객과 그들의 사업은 관리 및 성장을 돕는 도구 및 솔루션에 크게 의존한다고 서술된다.,target_absent|truncated
GDDY↔MSFT,DEPENDS_ON,"SEC 10-K: We rely on certain relationships with partners to offer and support key products and services, some ",,True,,pending,pending,False,True,0.3,True,pending,pending,False,False,False,,회사는 주요 제품 및 서비스를 제공하고 지원하기 위해 특정 파트너 관계에 의존한다.,target_absent|truncated
GPN↔USB,DEPENDS_ON,"SEC 10-K: Elavon, Inc., a subsidiary of U.S. Bancorp",금융 서비스,False,COMPETES_WITH,pending,pending,True,True,0.3,True,pending,pending,False,True,False,금융·결제·거래소,"Elavon, Inc.가 U.S. Bancorp의 자회사라고 명시된다.",list|truncated
GS↔GS,DEPENDS_ON,SEC 10-K: Goldman Sachs Asset Management BV is subject to similar requirements as a management company license,자산 관리,False,,pending,pending,True,True,0.7,True,pending,pending,False,False,False,자산 관리,Goldman Sachs Asset Management BV가 경영 회사 라이선스와 유사한 요구 사항을 적용받는다고 서술된다.,truncated
HWM↔AEE,DEPENDS_ON,SEC 10-K: Arconic Architectural Products SAS (“AAP SAS”) (now a subsidiary of Arconic Corporation) supplied Re,건축 제품,False,SUPPLIES_TO,pending,pending,True,True,0.0,True,pending,pending,False,False,False,건축 제품,Arconic Architectural Products SAS (현재 Arconic Corporation의 자회사)가 Re에 공급했음을 언급한다.,m&a|truncated
NVR↔NVR,DEPENDS_ON,"SEC 10-K: Because NVRM originates mortgage loans exclusively for our homebuilding customers, NVRM is dependent",모기지 대출,True,,auto_candidate,pending,True,True,1.0,True,auto_candidate,pending,False,False,False,모기지 대출,NVRM은 회사 주택 건설 고객을 대상으로만 주택담보대출을 취급하므로 해당 고객에 의존적이라고 언급된다.,truncated
NWSA↔AMZN,DEPENDS_ON,"SEC 10-K: For example, the Company relies on Amazon Web Services to supply cloud-based services used in many o",클라우드 서비스,True,,auto_candidate,pending,True,True,1.0,True,auto_candidate,pending,False,False,False,클라우드·엔터프라이즈SW,회사는 많은 서비스에 사용되는 클라우드 기반 서비스를 아마존 웹 서비스(Amazon Web Services)로부터 공급받고 있다고 서술한다.,truncated
NWSA↔GOOGL,DEPENDS_ON,SEC 10-K: and Google to provide workspace and other enterprise services.,기업용 솔루션,True,,auto_candidate,pending,True,True,0.9,True,auto_candidate,pending,False,False,False,기타,회사는 구글(Google)로부터 워크스페이스 및 기타 엔터프라이즈 서비스를 제공받고 있다고 서술한다.,
ORCL↔CVX,DEPENDS_ON,"SEC 10-K: For example, following our acquisition of Cerner Corporation, we also face competition from large he",,False,COMPETES_WITH,pending,pending,True,False,0.0,True,pending,pending,False,False,False,,회사는 Cerner Corporation 인수로 인해 대형 헬스케어 기업들과 경쟁하고 있다고 서술한다.,m&a|truncated
PCAR↔CMI,DEPENDS_ON,"SEC 10-K: A loss of supply from Cummins, Eaton, ZF or Magna, and the resulting interruption in the production ",엔진,True,,auto_candidate,pending,True,True,0.95,True,auto_candidate,pending,False,True,False,자동차·부품·산업재,"Cummins, Eaton, ZF 또는 Magna로부터의 공급 중단이 생산 차질을 초래할 수 있다고 서술한다.",list|truncated
PCAR↔ETN,DEPENDS_ON,"SEC 10-K: A loss of supply from Cummins, Eaton, ZF or Magna, and the resulting interruption in the production ",트럭 부품 공급,True,,auto_candidate,pending,True,True,0.9,True,auto_candidate,pending,False,True,False,자동차·부품·산업재,"Cummins, Eaton, ZF 또는 Magna로부터의 공급 중단이 생산 차질을 초래할 수 있다고 서술한다.",list|truncated
PCAR↔LII,DEPENDS_ON,"SEC 10-K: A loss of supply from Cummins, Eaton, ZF or Magna, and the resulting interruption in the production ",,False,DEPENDS_ON,pending,pending,False,True,0.0,True,noise_self_contradiction,pending,True,True,False,,"Cummins, Eaton, ZF 또는 Magna로부터의 공급 중단이 생산 차질을 초래할 수 있다고 서술한다.",list|target_absent|truncated
PSA↔GOOGL,DEPENDS_ON,"SEC 10-K: Marketing initiatives, including our increasing dependence on Google to source customers, may fail t",디지털 마케팅,True,,auto_candidate,pending,True,True,1.0,True,auto_candidate,pending,False,False,False,디지털 마케팅,"회사는 고객 확보를 위해 구글(Google)에 대한 의존도가 증가하고 있으며, 이러한 마케팅 이니셔티브가 실패할 수 있다고 서술한다.",truncated
SMCI↔ALGN,DEPENDS_ON,SEC 10-K: Ablecom also coordinates the manufacturing of chassis for us.,,False,,pending,pending,False,True,0.0,True,pending,pending,False,False,False,,Ablecom이 회사를 위해 섀시 제조를 조율하고 있다고 서술한다.,target_absent
SNDK↔WDC,DEPENDS_ON,"SEC 10-K: Prior to February 21, 2025, we were wholly owned by WDC.",,True,,auto_candidate,pending,True,True,1.0,True,auto_candidate,pending,False,False,True,,2025년 2월 21일 이전에 회사가 WDC에 의해 전액 소유되었다고 서술한다.,m&a
SYF↔FISV,DEPENDS_ON,"SEC 10-K: For example, our principal technology and related services (including credit card transaction proces",신용카드 거래 처리,False,SUPPLIES_TO,pending,pending,False,True,0.1,True,pending,pending,False,False,False,금융·결제·거래소,회사의 주요 기술 및 관련 서비스(신용카드 거래 처리 포함)를 서술한다.,target_absent|truncated
TTWO↔MSFT,DEPENDS_ON,"SEC 10-K: Accordingly, console manufacturers like Sony or Microsoft could cause unanticipated delays in the re",게임 콘솔,True,,auto_candidate,pending,True,True,0.8,True,auto_candidate,pending,False,False,False,게임 콘솔,Sony나 Microsoft와 같은 콘솔 제조업체가 예상치 못한 지연을 발생시킬 수 있다고 언급한다.,truncated
VTRS↔PFE,DEPENDS_ON,SEC 10-K: certain reimbursements related to the Company’s obligation to reimburse Pfizer for certain financing,재무 상환 의무,True,,auto_candidate,pending,True,True,0.8,True,auto_candidate,pending,False,False,False,기타,회사의 Pfizer에 대한 특정 금융 관련 상환 의무와 관련된 특정 상환금을 서술한다.,truncated
WAT↔CI,DEPENDS_ON,SEC 10-K: including tariffs and export restrictions on certain manufacturing components imposed by China,,False,DEPENDS_ON,pending,pending,False,True,0.0,True,noise_self_contradiction,pending,True,False,False,,중국이 부과하는 특정 제조 부품에 대한 관세 및 수출 제한을 언급한다.,target_absent|truncated
WDC↔SNDK,DEPENDS_ON,"SEC 10-K: On February 21, 2025 (the “Separation Date”), we completed the separation of our HDD and Flash busin",하드 디스크 드라이브,False,SUPPLIES_TO,pending,pending,False,True,0.7,True,pending,pending,False,True,False,하드 디스크 드라이브,2025년 2월 21일에 회사가 HDD 및 Flash 사업부의 분리를 완료했음을 서술한다.,list|m&a|target_absent|truncated
ABBV↔ABT,PARTNER_WITH,"SEC 10-K: On January 1, 2013, AbbVie became an independent, publicly-traded company as a result of the distrib",,False,COMPETES_WITH,pending,pending,False,True,0.7,True,pending,pending,False,False,False,,2013년 1월 1일 AbbVie가 분할로 인해 독립적인 상장 기업이 되었음을 서술한다.,m&a|target_absent|truncated
AKAM↔APTV,PARTNER_WITH,SEC 10-K: We market and sell our solutions globally through our field sales and services organization and thro,,False,PARTNER_WITH,pending,pending,False,True,0.0,True,noise_self_contradiction,pending,True,False,False,,회사가 현장 영업 및 서비스 조직을 통해 전 세계적으로 솔루션을 마케팅하고 판매함을 서술한다.,target_absent|truncated
AKAM↔MSFT,PARTNER_WITH,SEC 10-K: We market and sell our solutions globally through our field sales and services organization and thro,,False,PARTNER_WITH,pending,pending,False,True,0.0,True,noise_self_contradiction,pending,True,False,False,,회사가 현장 영업 및 서비스 조직을 통해 전 세계적으로 솔루션을 마케팅하고 판매함을 서술한다.,target_absent|truncated
ANET↔AVGO,PARTNER_WITH,"SEC 10-K: Our product development efforts also depend upon continued collaboration with our key suppliers, suc",,False,DEPENDS_ON,pending,pending,False,True,0.3,True,pending,pending,False,False,False,,회사의 제품 개발 노력이 주요 공급업체와의 지속적인 협력에 달려있음을 서술한다.,target_absent|truncated
AXP↔AMZN,PARTNER_WITH,"SEC 10-K: For example, our two largest redemption partners are Amazon and Delta.",리워드 프로그램,True,,auto_candidate,pending,True,True,0.9,True,auto_candidate,pending,False,False,False,기타,회사의 두 최대 리뎀션 파트너가 Amazon과 Delta임을 언급한다.,
BKR↔NXT,PARTNER_WITH,"SEC 10-K: Over the past several years, we have made progress in strategic investments and acquisitions in emer",,False,PARTNER_WITH,pending,pending,False,True,0.0,True,noise_self_contradiction,pending,True,False,False,,회사가 지난 몇 년간 신흥 시장에서 전략적 투자 및 인수를 진행했음을 서술한다.,m&a|target_absent|truncated
BKR↔VLO,PARTNER_WITH,"SEC 10-K: Over the past several years, we have made progress in strategic investments and acquisitions in emer",,False,PARTNER_WITH,pending,pending,False,True,0.0,True,noise_self_contradiction,pending,True,False,False,,회사가 지난 몇 년간 신흥 시장에서 전략적 투자 및 인수를 진행했음을 서술한다.,m&a|target_absent|truncated
BLK↔HPQ,PARTNER_WITH,"SEC 10-K: BlackRock recorded approximately $3.0 billion of indefinite-lived management contracts, $2.7 billion",,False,PARTNER_WITH,pending,pending,False,True,0.0,True,noise_self_contradiction,pending,True,False,False,,BlackRock이 약 30억 달러의 내용연수 없는 경영 계약과 27억 달러의 특정 자산을 기록했음을 서술한다.,target_absent|truncated
CAH↔IONQ,PARTNER_WITH,SEC 10-K: The performance of our MSO platforms positively impacted the year-over-year comparison of Pharma seg,,False,COMPETES_WITH,pending,pending,False,True,0.0,True,pending,pending,False,False,False,,회사의 MSO 플랫폼 성과가 제약 부문의 전년 대비 비교에 긍정적인 영향을 미쳤음을 서술한다.,target_absent|truncated
CB↔BLK,PARTNER_WITH,"SEC 10-K: In addition, Chubb has an arrangement with BlackRock, Inc. under which both Chubb and BlackRock, Inc",,True,,auto_candidate,pending,True,True,0.9,True,auto_candidate,pending,False,True,False,,"Chubb가 BlackRock, Inc.와 계약을 맺고 있으며, 해당 계약에 따라 양사가 활동함을 서술한다.",list|truncated
CRWD↔AMZN,PARTNER_WITH,"SEC 10-K: To further meet the compliance demands of the government, customers can elect to deploy the Falcon p",,False,,pending,pending,False,True,0.0,True,pending,pending,False,False,False,,정부의 규정 준수 요구를 충족하기 위해 고객이 Falcon 플랫폼을 배포할 수 있음을 서술한다.,target_absent|truncated
DAL↔AXP,PARTNER_WITH,"SEC 10-K: This is primarily composed of revenues related to lounge access, including access provided to certai",공항 라운지 서비스,True,,pending,pending,False,True,0.8,True,pending,pending,False,False,False,공항 라운지 서비스,"해당 수익이 주로 라운지 이용 관련이며, 특정 대상에게 제공된 이용권도 포함함을 서술한다.",target_absent|truncated
DLR↔DLR,PARTNER_WITH,"SEC 10-K: Digital Realty Trust, Inc. (the Parent), through its controlling interest in Digital Realty Trust, L",,False,DEPENDS_ON,pending,pending,True,True,0.9,True,pending,pending,False,True,False,,"Digital Realty Trust, Inc.가 Digital Realty Trust, L의 지배 지분을 통해 모회사 역할을 함을 서술한다.",list|truncated
EA↔MSFT,PARTNER_WITH,"SEC 10-K: Addendum to Xbox Console Publisher License Agreement, effective as of July 1, 2024, between Microsof",비디오 게임,True,,pending,pending,False,True,0.9,True,pending,pending,False,True,False,비디오 게임,2024년 7월 1일부터 Microsoft와 Xbox 콘솔 퍼블리셔 라이선스 계약의 추가 계약이 발효됨을 서술한다.,list|target_absent|truncated
EQT↔XEL,PARTNER_WITH,"SEC 10-K: Prior to that he served as Senior Director, Technical Accounting and Financial Reporting at Rice Ene",,False,,pending,pending,False,True,0.0,True,pending,pending,False,False,False,,특정 인물이 이전에 Rice Energy에서 기술 회계 및 재무 보고 담당 선임 이사로 재직했음을 서술한다.,indirect|target_absent|truncated
EXR↔EXR,PARTNER_WITH,"SEC 10-K: The Company’s interest in its stores is held through its operating partnership, Extra Space Storage ",스토리지 운영,True,,auto_candidate,pending,True,True,0.9,True,auto_candidate,pending,False,False,False,기타,회사는 Extra Space Storage라는 운영 파트너십을 통해 자사 매장에 대한 소유권을 보유하고 있습니다.,truncated
FTNT↔AMZN,PARTNER_WITH,"SEC 10-K: Depending on the solution or form factor purchased, customers may also access our products via the c",,False,PARTNER_WITH,pending,pending,False,True,0.1,True,noise_self_contradiction,pending,True,False,False,,고객들은 구매하는 솔루션이나 폼 팩터에 따라 특정 경로를 통해 회사의 제품에 접근할 수 있습니다.,target_absent|truncated
GDDY↔AMZN,PARTNER_WITH,"SEC 10-K: We also work to make certain of our products interoperable with services such as Yelp, Google, Amazo",서비스 연동,True,,pending,pending,False,True,0.9,True,pending,pending,False,True,False,기타,"회사는 자사 제품 중 일부가 Yelp, Google, Amazon과 같은 서비스와 상호 운용 가능하도록 노력하고 있습니다.",list|target_absent|truncated
GDDY↔GOOGL,PARTNER_WITH,"SEC 10-K: We also work to make certain of our products interoperable with services such as Yelp, Google, Amazo",웹 서비스 연동,True,,auto_candidate,pending,True,True,0.9,True,auto_candidate,pending,False,True,False,기타,"회사는 자사 제품 중 일부가 Yelp, Google, Amazon과 같은 서비스와 상호 운용 가능하도록 노력하고 있습니다.",list|truncated
GDDY↔META,PARTNER_WITH,"SEC 10-K: We also work to make certain of our products interoperable with services such as Yelp, Google, Amazo",,False,PARTNER_WITH,pending,pending,False,True,0.0,True,noise_self_contradiction,pending,True,True,False,,"회사는 자사 제품 중 일부가 Yelp, Google, Amazon과 같은 서비스와 상호 운용 가능하도록 노력하고 있습니다.",list|target_absent|truncated
GDDY↔XYZ,PARTNER_WITH,"SEC 10-K: we provide various payment options for customers, including through our partnerships and technical i",결제 서비스,True,,pending,pending,False,True,0.3,True,pending,pending,False,False,False,금융·결제·거래소,회사는 파트너십 및 기술 통합을 포함한 다양한 고객 결제 옵션을 제공합니다.,target_absent|truncated
HCA↔HCA,PARTNER_WITH,"SEC 10-K: The terms “HCA,” “Company,” “we,” “our,” or “us,” as used herein, refer to HCA Healthcare, Inc. and ",,False,PARTNER_WITH,pending,pending,True,True,0.0,True,noise_self_contradiction,pending,True,True,True,,"문서에서 사용된 “HCA”, “회사”, “우리”, “우리의”, “우리를”과 같은 용어는 HCA Healthcare, Inc. 및 그 관계사를 지칭합니다.",list|truncated
INCY↔REGN,PARTNER_WITH,"SEC 10-K: in 2022 and 2023, we decided to terminate our collaborations with Calithera Biosciences, Inc. and Sy",,False,PARTNER_WITH,pending,pending,False,True,0.0,True,noise_self_contradiction,pending,True,True,False,,"회사는 2022년과 2023년에 Calithera Biosciences, Inc. 및 Sy와의 협력을 종료하기로 결정했습니다.",list|target_absent|truncated
KDP↔KO,PARTNER_WITH,"SEC 10-K: These bottlers may be affiliated with Coca-Cola or with PepsiCo, or they may be independent.",,False,COMPETES_WITH,pending,pending,True,True,0.0,True,pending,pending,False,False,False,,해당 병입업체들은 코카콜라 또는 펩시코와 제휴 관계를 맺거나 독립적일 수 있습니다.,
KDP↔PEP,PARTNER_WITH,"SEC 10-K: These bottlers may be affiliated with Coca-Cola or with PepsiCo, or they may be independent.",,False,COMPETES_WITH,pending,pending,True,True,0.0,True,pending,pending,False,False,False,,해당 병입업체들은 코카콜라 또는 펩시코와 제휴 관계를 맺거나 독립적일 수 있습니다.,
KDP↔SBUX,PARTNER_WITH,"SEC 10-K: Our partner brands include Starbucks, Dunkin', Folgers, and Peet's, among others.",커피 제품,True,,auto_candidate,pending,True,True,1.0,True,auto_candidate,pending,False,True,False,커피 제품,"회사는 스타벅스, 던킨, 폴저스, 피츠 등을 파트너 브랜드로 언급한다.",list
LEN↔INVH,PARTNER_WITH,"SEC 10-K: In April 2024, Upward America entered into a joint venture agreement and property management agreeme",단독 주택 임대,True,,pending,pending,False,True,0.9,True,pending,pending,False,False,False,단독 주택 임대,"2024년 4월, Upward America는 합작 투자 계약 및 자산 관리 계약을 체결했다.",target_absent|truncated
MCK↔APO,PARTNER_WITH,"SEC 10-K: on April 20, 2026, we announced a definitive agreement under which funds managed by affiliates of Ap",,True,,pending,pending,False,True,0.8,True,pending,pending,False,False,False,,"회사는 2026년 4월 20일, 특정 계열사들이 관리하는 펀드와 관련된 최종 계약을 발표했다.",m&a|target_absent|truncated
MCK↔WMT,PARTNER_WITH,SEC 10-K: We also source generic pharmaceutical drugs through our ClarusONE Sourcing Services LLP joint ventur,제네릭 의약품,True,,pending,pending,False,True,0.9,True,pending,pending,False,False,False,헬스케어·의료기기·제약,회사는 ClarusONE Sourcing Services LLP 합작 투자를 통해 제네릭 의약품을 조달한다.,target_absent|truncated
MMM↔SOLV,PARTNER_WITH,"SEC 10-K: On April 1, 2024, the Company completed the planned spin-off of its Health Care business as an indep",헬스케어 사업,False,DEPENDS_ON,pending,pending,False,True,0.9,True,pending,pending,False,False,False,헬스케어·의료기기·제약,"2024년 4월 1일, 회사는 헬스케어 사업부를 독립 기업으로 분사하는 계획을 완료했다.",m&a|target_absent|truncated
MNST↔PEP,PARTNER_WITH,"SEC 10-K: For example, PepsiCo entered into a long-term strategic distribution arrangement with Celsius Holdin",,False,PARTNER_WITH,pending,pending,True,True,0.0,True,noise_self_contradiction,pending,True,False,False,,펩시코는 Celsius Holding과 장기적인 전략적 유통 계약을 체결했다.,truncated
MSCI↔BLK,PARTNER_WITH,"SEC 10-K: Certain of our clients are also significant shareholders, competitors or distributors of our content",,True,,pending,pending,False,False,0.5,True,pending,pending,False,False,False,,"회사의 일부 고객은 회사의 주요 주주, 경쟁자 또는 콘텐츠 유통사이기도 하다.",target_absent|truncated
MTB↔MTB,PARTNER_WITH,"SEC 10-K: At December 31, 2025, M&T had two wholly-owned bank subsidiaries: M&T Bank and Wilmington Trust, N.A",은행 서비스,False,DEPENDS_ON,pending,pending,True,True,1.0,True,pending,pending,False,False,False,금융·결제·거래소,"2025년 12월 31일 기준, M&T는 M&T Bank와 Wilmington Trust, N.A. 두 개의 100% 소유 은행 자회사를 보유하고 있었다.",truncated
ORCL↔CVX,PARTNER_WITH,"SEC 10-K: For example, following our acquisition of Cerner Corporation, we also face competition from large he",,False,,pending,pending,True,False,0.0,True,pending,pending,False,False,False,,"Cerner Corporation 인수에 따라, 회사는 대형 헬스케어 기업들과의 경쟁에 직면하게 되었다.",m&a|truncated
PANW↔IBM,PARTNER_WITH,"SEC 10-K: In June 2025, we amended the terms of our contingent consideration arrangement with International Bu",,False,SUPPLIES_TO,pending,pending,True,True,0.7,True,pending,pending,False,False,False,,"2025년 6월, 회사는 International Bu와의 우발적 대가 계약 조건을 수정했다.",m&a|truncated
PEP↔SBUX,PARTNER_WITH,"SEC 10-K: PBNA also, either independently or in conjunction with third parties, makes, markets, distributes an",음료 유통,True,,pending,pending,False,True,0.8,True,pending,pending,False,False,False,음료 유통,"PBNA가 독립적으로 또는 제3자와 협력하여 제품을 제조, 마케팅, 유통한다고 서술한다.",target_absent|truncated
ROP↔HPQ,PARTNER_WITH,"SEC 10-K: —ConstructConnect, DAT, Foundry, iPipeline, iTradeNetwork, MHA, SHP, SoftWriters, and Subsplash;",,False,PARTNER_WITH,pending,pending,False,True,0.0,True,noise_self_contradiction,pending,True,True,False,,"ConstructConnect, DAT, Foundry 등 여러 회사 이름을 나열하고 있다.",list|target_absent|truncated
SATS↔SATS,PARTNER_WITH,"SEC 10-K: governing the purchase, sale and other disposition by directors, officers and employees of securitie",,False,,pending,pending,False,True,0.0,True,pending,pending,False,False,False,,"이사회 구성원, 임원 및 직원에 의한 증권의 매수, 매도 및 기타 처분에 관한 규정을 언급한다.",target_absent|truncated
SMCI↔ALGN,PARTNER_WITH,"SEC 10-K: We also collaborate on design and development activities with Ablecom and Compuware, where we substa",,False,,pending,pending,False,True,0.0,True,pending,pending,False,False,False,,회사가 Ablecom 및 Compuware와 설계 및 개발 활동에 대해 협력한다고 서술한다.,target_absent|truncated
TECH↔TMO,PARTNER_WITH,"SEC 10-K: We sell our products directly to customers who are primarily located in North America, Europe and Ch",,False,,pending,pending,False,True,0.0,True,pending,pending,False,False,False,,"회사가 주로 북미, 유럽, 중국에 위치한 고객에게 제품을 직접 판매한다고 서술한다.",target_absent|truncated
TGT↔AAPL,PARTNER_WITH,"SEC 10-K: In addition, we have consumer-facing relationships with a variety of other companies, including Appl",소비자 전자제품 유통,True,,pending,pending,False,True,0.9,True,pending,pending,False,False,False,소매·소비재,회사가 Apple을 포함한 다양한 다른 회사들과 소비자 대면 관계를 맺고 있다고 서술한다.,target_absent|truncated
TGT↔SBUX,PARTNER_WITH,"SEC 10-K: In addition, we have consumer-facing relationships with a variety of other companies, including Appl",,False,,pending,pending,False,True,0.0,True,pending,pending,False,False,False,,회사가 Apple을 포함한 다양한 다른 회사들과 소비자 대면 관계를 맺고 있다고 서술한다.,target_absent|truncated
TGT↔ULTA,PARTNER_WITH,"SEC 10-K: In addition, we have consumer-facing relationships with a variety of other companies, including Appl",,False,PARTNER_WITH,pending,pending,False,True,0.0,True,noise_self_contradiction,pending,True,False,False,,회사가 Apple을 포함한 다양한 다른 회사들과 소비자 대면 관계를 맺고 있다고 서술한다.,target_absent|truncated
TPL↔ACN,PARTNER_WITH,"SEC 10-K: From 2004 to 2013, Ms. Duganier was a Managing Director at Accenture, a multinational professional s",,False,,pending,pending,True,True,0.0,True,pending,pending,False,False,False,,Duganier 씨가 2004년부터 2013년까지 Accenture의 매니징 디렉터였다는 경력을 언급한다.,indirect|truncated
TPL↔CNP,PARTNER_WITH,"SEC 10-K: Ms. Duganier currently serves on the board of directors of CenterPoint Energy (NYSE: CNP), an electr",,False,PARTNER_WITH,pending,pending,True,True,0.5,True,noise_self_contradiction,pending,True,False,True,,Duganier 씨가 현재 전력 회사인 CenterPoint Energy 이사회에서 근무하고 있음을 언급한다.,indirect|truncated
TPL↔SPGI,PARTNER_WITH,"SEC 10-K: and of MRC Global Inc. (NYSE: MRC) (2015-2024), an industrial distributor of pipes, valves and other",,False,PARTNER_WITH,pending,pending,True,True,0.0,True,noise_self_contradiction,pending,True,False,False,,"MRC Global Inc.는 파이프, 밸브 등을 유통하는 산업 유통업체이다.",truncated
WAB↔NSC,PARTNER_WITH,"SEC 10-K: In both 2025 and 2024, Canadian National Railway Company, Norfolk Southern and Union Pacific Railroa",,False,PARTNER_WITH,pending,pending,True,True,0.0,True,noise_self_contradiction,pending,True,True,False,,"2025년과 2024년에 Canadian National Railway Company, Norfolk Southern, Union Pacific Railroad가 언급되었다.",list|truncated
WDAY↔ADP,PARTNER_WITH,"SEC 10-K: Our global partnerships with payroll providers, including Automatic Data Processing, Inc. (“ADP”), R",급여 서비스,True,,auto_candidate,pending,True,True,1.0,True,auto_candidate,pending,False,True,True,기타,"회사는 Automatic Data Processing, Inc. (ADP)를 포함한 급여 제공업체들과 글로벌 파트너십을 맺고 있다.",list|truncated
WDAY↔AMZN,PARTNER_WITH,"SEC 10-K: Strategic partnerships with public cloud providers, including Amazon Web Services, Inc. (“AWS”) and ",클라우드 서비스,True,,auto_candidate,pending,True,True,1.0,True,auto_candidate,pending,False,True,False,클라우드·엔터프라이즈SW,"회사는 Amazon Web Services, Inc. (AWS)를 포함한 공공 클라우드 제공업체들과 전략적 파트너십을 맺고 있다.",list|truncated
WDAY↔GOOGL,PARTNER_WITH,"SEC 10-K: Strategic partnerships with public cloud providers, including Amazon Web Services, Inc. (“AWS”) and ",클라우드 컴퓨팅,True,,pending,pending,False,True,0.7,True,pending,pending,False,True,False,클라우드·엔터프라이즈SW,"회사는 Amazon Web Services, Inc. (AWS)를 포함한 공공 클라우드 제공업체들과 전략적 파트너십을 맺고 있다.",list|target_absent|truncated
WDAY↔MSFT,PARTNER_WITH,"SEC 10-K: For example, our partnership with Microsoft Corporation (“Microsoft”), announced in fiscal 2026, wil",,True,,auto_candidate,pending,True,True,0.95,True,auto_candidate,pending,False,False,False,,2026 회계연도에 발표된 Microsoft Corporation과의 파트너십이 언급되었다.,truncated
WDAY↔MU,PARTNER_WITH,"SEC 10-K: Our global partnerships with payroll providers, including Automatic Data Processing, Inc. (“ADP”), R",,False,PARTNER_WITH,pending,pending,False,True,0.0,True,noise_self_contradiction,pending,True,True,False,,"회사는 Automatic Data Processing, Inc. (ADP)를 포함한 급여 제공업체들과 글로벌 파트너십을 맺고 있다.",list|target_absent|truncated
WST↔ROP,PARTNER_WITH,"SEC 10-K: He has also served as an Independent Director at OraSure Technologies, Inc. since 2023.",,False,SUPPLIES_TO,pending,pending,True,True,0.0,True,pending,pending,False,False,False,,"한 인물이 2023년부터 OraSure Technologies, Inc.의 사외이사로 재직해 왔다.",indirect
XYZ↔V,PARTNER_WITH,SEC 10-K: Cash App Card offers customers the ability to store funds in Cash App and subsequently use these fun,직불 카드,True,,pending,pending,False,True,0.3,True,pending,pending,False,False,False,금융·결제·거래소,Cash App Card는 고객이 Cash App에 자금을 보관하고 사용할 수 있는 기능을 제공한다.,target_absent|truncated
A↔WST,SUPPLIES_TO,"SEC 10-K: Prior to joining West, he served as the Chief Financial Officer of Agilent Technologies Inc, a provi",,False,,pending,pending,True,True,0.0,True,pending,pending,False,False,False,,한 인물이 West에 합류하기 전 Agilent Technologies Inc.의 최고재무책임자(CFO)로 근무했다.,indirect|truncated
ALGN↔AVGO,SUPPLIES_TO,"SEC 10-K: We use third-party CMs for a significant majority of our assembly and test operations, including TSM",,False,DEPENDS_ON,pending,pending,False,True,0.0,True,pending,pending,False,False,False,,회사가 TSM을 포함한 외부 계약 제조업체들을 조립 및 테스트 작업의 상당 부분에 활용하고 있음을 서술한다.,target_absent|truncated
ALGN↔FTNT,SUPPLIES_TO,"SEC 10-K: Our current manufacturing partners include Accton Technology (“Accton”), IBASE Technology, Inc. (“IB",,False,,pending,pending,False,True,0.0,True,pending,pending,False,True,False,,"회사의 현재 제조 파트너로 Accton Technology와 IBASE Technology, Inc. 등을 언급한다.",list|target_absent|truncated
ALGN↔IDXX,SUPPLIES_TO,SEC 10-K: We also sell our products to dental laboratories who use our products to manufacture or customize th,치과 기공,False,SUPPLIES_TO,pending,pending,True,True,0.1,True,noise_self_contradiction,pending,True,False,False,치과 기공,"회사가 제품을 치과 기공소에 판매하며, 이 기공소들은 해당 제품을 제조 또는 맞춤 제작에 사용한다고 서술한다.",truncated
ALGN↔SMCI,SUPPLIES_TO,"SEC 10-K: We work with Ablecom, one of our key contract manufacturers and a related party, for our chassis and",,False,,pending,pending,False,True,0.0,True,pending,pending,False,False,False,,"회사가 Ablecom과 섀시 관련 작업을 위해 협력하며, Ablecom은 핵심 계약 제조업체이자 관계사라고 언급한다.",target_absent|truncated
AMZN↔ADSK,SUPPLIES_TO,"SEC 10-K: We rely on third parties, such as Amazon Web Services, to provide us with operational and technical ",클라우드 컴퓨팅,True,,pending,pending,False,True,1.0,True,pending,pending,False,False,False,클라우드·엔터프라이즈SW,회사가 Amazon Web Services와 같은 외부 업체에 운영 및 기술 지원을 의존한다고 서술한다.,target_absent|truncated
AOS↔AMZN,SUPPLIES_TO,SEC 10-K: We sell our A. O. Smith branded water treatment products primarily through our water quality dealer ,,False,SUPPLIES_TO,pending,pending,False,True,0.0,True,noise_self_contradiction,pending,True,False,False,,회사가 A. O. Smith 브랜드 수처리 제품을 주로 수질 딜러 네트워크를 통해 판매한다고 서술한다.,target_absent|truncated
CAH↔ABBV,SUPPLIES_TO,"SEC 10-K: In 2025, three wholesale distributors (McKesson Corporation, Cardinal Health, Inc. and Cencora, Inc.",,False,SUPPLIES_TO,pending,pending,False,True,0.0,True,noise_self_contradiction,pending,True,True,False,,"2025년에 McKesson Corporation, Cardinal Health, Inc. 및 Cencora, Inc. 세 도매 유통업체를 언급한다.",list|target_absent
CAH↔BAX,SUPPLIES_TO,"SEC 10-K: In the United States, third parties, such as Cardinal Health, Inc. and Medline Inc., warehouse and s",,False,SUPPLIES_TO,pending,pending,False,True,0.0,True,noise_self_contradiction,pending,True,True,False,,"미국에서 Cardinal Health, Inc.와 Medline Inc.와 같은 외부 업체가 창고 및 배송 업무를 수행한다고 서술한다.",list|target_absent|truncated
CAH↔GILD,SUPPLIES_TO,"SEC 10-K: Historically, approximately 90% of our gross product sales in the U.S. have been to three large whol",의약품 유통,True,,pending,pending,False,True,0.7,True,pending,pending,False,False,False,헬스케어·의료기기·제약,과거 미국 총 제품 매출의 약 90%가 세 곳의 대형 도매업체에서 발생했다고 서술한다.,target_absent|truncated
CAT↔FIX,SUPPLIES_TO,"SEC 10-K: The primary manufacturers of the major components in a commercial MEP system are: Trane, Carrier, Yo",,False,SUPPLIES_TO,pending,pending,False,True,0.0,True,noise_self_contradiction,pending,True,False,False,,"상업용 MEP 시스템 주요 부품의 주요 제조업체로 Trane, Carrier, Yo 등을 언급한다.",target_absent|truncated
CMI↔FIX,SUPPLIES_TO,"SEC 10-K: The primary manufacturers of the major components in a commercial MEP system are: Trane, Carrier, Yo",,False,SUPPLIES_TO,pending,pending,False,True,0.0,True,noise_self_contradiction,pending,True,False,False,,"상업용 MEP 시스템 주요 부품의 주요 제조업체로 Trane, Carrier, Yo 등이 언급되었다.",target_absent|truncated
CMI↔PCAR,SUPPLIES_TO,SEC 10-K: Engines not manufactured by the Company are purchased from Cummins Inc. (Cummins).,엔진,True,,pending,pending,False,True,1.0,True,pending,pending,False,False,False,자동차·부품·산업재,해당 회사가 제조하지 않는 엔진은 Cummins Inc.로부터 구매한다.,target_absent
COP↔ATO,SUPPLIES_TO,"SEC 10-K: Major suppliers during fiscal 2025 were ARM Energy Management LLC, Cima Energy, LP, ConocoPhillips C",천연가스 공급,True,,auto_candidate,pending,True,True,1.0,True,auto_candidate,pending,False,True,False,천연가스 공급,"2025 회계연도 동안의 주요 공급업체로 ARM Energy Management LLC, Cima Energy, LP, ConocoPhillips C 등이 언급되었다.",list|truncated
COR↔ABBV,SUPPLIES_TO,"SEC 10-K: In 2025, three wholesale distributors (McKesson Corporation, Cardinal Health, Inc. and Cencora, Inc.",,False,DEPENDS_ON,pending,pending,False,True,0.0,True,pending,pending,False,True,False,,"2025년에 McKesson Corporation, Cardinal Health, Inc., Cencora, Inc. 등 세 개의 도매 유통업체가 언급되었다.",list|target_absent
COR↔GILD,SUPPLIES_TO,"SEC 10-K: Historically, approximately 90% of our gross product sales in the U.S. have been to three large whol",,False,SUPPLIES_TO,pending,pending,False,True,0.1,True,noise_self_contradiction,pending,True,False,False,,과거에는 미국 내 총 제품 판매의 약 90%가 세 개의 대형 도매업체에 해당했다.,target_absent|truncated
CRWD↔HLT,SUPPLIES_TO,"SEC 10-K: For example, in July 2024 a software update by CrowdStrike Holdings, Inc., a cybersecurity technolog",,False,,pending,pending,True,True,0.0,True,pending,pending,False,True,False,,"2024년 7월에 사이버 보안 기술 기업인 CrowdStrike Holdings, Inc.의 소프트웨어 업데이트 사례가 언급되었다.",list|truncated
DD↔Q,SUPPLIES_TO,"SEC 10-K: On May 22, 2024, DuPont de Nemours, Inc. (""DuPont"" or ""Parent"") announced its plan to separate Qnity",,False,DEPENDS_ON,pending,pending,True,True,0.9,True,pending,pending,False,True,False,,"2024년 5월 22일, DuPont de Nemours, Inc.는 Qnity를 분사할 계획을 발표했다.",list|m&a|truncated
DLTR↔CPB,SUPPLIES_TO,"SEC 10-K: Our products are generally resold to consumers through retail food chains, mass discounters, mass me",식품 유통,True,,pending,pending,False,True,0.8,True,pending,pending,False,False,False,식품 유통,"해당 회사의 제품은 일반적으로 소매 식품 체인, 대형 할인점, 대량 판매업체를 통해 소비자에게 재판매된다.",target_absent|truncated
DTE↔GM,SUPPLIES_TO,"SEC 10-K: Energy Trading's customer base is predominantly utilities, local natural gas distribution companies,",,False,SUPPLIES_TO,pending,pending,False,True,0.0,True,noise_self_contradiction,pending,True,False,False,,"Energy Trading의 고객 기반은 주로 공공 시설, 지역 천연가스 유통 회사 등으로 구성되어 있다.",target_absent|truncated
ETN↔FTNT,SUPPLIES_TO,"SEC 10-K: Our current manufacturing partners include Accton Technology (“Accton”), IBASE Technology, Inc. (“IB",,False,PARTNER_WITH,pending,pending,False,True,0.0,True,pending,pending,False,True,False,,"현재 제조 파트너로 Accton Technology와 IBASE Technology, Inc. 등이 포함된다.",list|target_absent|truncated
ETN↔PCAR,SUPPLIES_TO,SEC 10-K: The Company purchased a significant portion of its transmissions from Eaton Corporation Plc. (Eaton),변속기,True,,pending,pending,False,True,1.0,True,pending,pending,False,False,False,변속기,회사는 Eaton Corporation Plc. (Eaton)으로부터 변속기의 상당 부분을 구매했다.,target_absent
FISV↔SYF,SUPPLIES_TO,SEC 10-K: We also face risks related to cyber-attacks and other security breaches in connection with credit ca,신용카드,False,SUPPLIES_TO,pending,pending,False,True,0.0,True,noise_self_contradiction,pending,True,False,False,금융·결제·거래소,회사는 신용카드와 관련된 사이버 공격 및 기타 보안 침해 위험에 직면한다.,target_absent|truncated
FN↔NVDA,SUPPLIES_TO,SEC 10-K: We engage with independent subcontractors and contract manufacturers such as Hon Hai Precision Indus,,False,SUPPLIES_TO,pending,pending,False,True,0.1,True,noise_self_contradiction,pending,True,False,False,,회사는 Hon Hai Precision Indus와 같은 독립 하청업체 및 계약 제조업체와 협력한다.,target_absent|truncated
FTNT↔EA,SUPPLIES_TO,"SEC 10-K: We work with many technology distributors, including Arrow Electronics, Inc., Exclusive, Ingram Micr",,False,,pending,pending,True,True,0.0,True,pending,pending,False,True,False,,"회사는 Arrow Electronics, Inc., Exclusive, Ingram Micro 등 여러 기술 유통업체와 협력한다.",list|truncated
GIS↔DRI,SUPPLIES_TO,"SEC 10-K: We were acquired by General Mills, Inc. in 1970 and became a separate publicly held company in 1995 ",,False,PARTNER_WITH,pending,pending,False,True,0.0,True,pending,pending,False,False,False,,"회사는 1970년 General Mills, Inc.에 인수되었고, 1995년 독립적인 상장 회사가 되었다.",m&a|target_absent|truncated
GM↔APTV,SUPPLIES_TO,"SEC 10-K: For example, in 2025, General Motors (“GM”) restructured their operations in China given challenges ",,False,DEPENDS_ON,pending,pending,False,True,0.0,True,pending,pending,False,False,False,,2025년 General Motors(GM)는 도전적인 상황에 대응하여 중국 사업 운영을 재편성했다.,indirect|target_absent|truncated
HCA↔RVTY,SUPPLIES_TO,SEC 10-K: and held a number of global management operational positions with GE Healthcare.,,False,SUPPLIES_TO,pending,pending,False,True,0.0,True,noise_self_contradiction,pending,True,False,False,,해당 인물은 GE Healthcare에서 여러 글로벌 경영 운영직을 맡았다.,indirect|target_absent
HOLX↔WST,SUPPLIES_TO,"SEC 10-K: From 2014 to 2018, Mr. McMahon served as Chief Financial Officer at Hologic, Inc, a developer, manuf",,False,,pending,pending,False,True,0.0,True,pending,pending,False,True,False,,"2014년부터 2018년까지 Mr. McMahon은 개발 및 제조업체인 Hologic, Inc의 최고재무책임자(CFO)로 재직했다.",indirect|list|target_absent|truncated
INVH↔LEN,SUPPLIES_TO,"SEC 10-K: In addition, Lennar engaged Invitation Homes to provide certain asset management services for the Up",자산 관리 서비스,True,,auto_candidate,pending,True,True,0.95,True,auto_candidate,pending,False,False,False,자산 관리 서비스,Lennar는 Invitation Homes에 Up 관련 특정 자산 관리 서비스를 제공하도록 위임했다.,truncated
JBL↔ANET,SUPPLIES_TO,"SEC 10-K: Our primary manufacturing partners are Jabil Inc., Sanmina Corporation and Foxconn Hon Hai.",전자제품 위탁생산,True,,pending,pending,False,True,1.0,True,pending,pending,False,False,False,전자제품 위탁생산,"회사의 주요 제조 파트너는 Jabil Inc., Sanmina Corporation 및 Foxconn Hon Hai이다.",target_absent
JNJ↔WST,SUPPLIES_TO,"SEC 10-K: Prior to Hologic, Mr. McMahon spent 20 years with Johnson & Johnson, a biotechnology, medical techno",,False,PARTNER_WITH,pending,pending,False,True,0.0,True,pending,pending,False,False,False,,Mr. McMahon이 Hologic 근무 이전에 Johnson & Johnson에서 20년간 근무했다는 내용을 서술한다.,indirect|target_absent|truncated
KDP↔PEP,SUPPLIES_TO,"SEC 10-K: Further, PBNA manufactures and distributes certain brands licensed from Keurig Dr Pepper Inc., inclu",음료 브랜드 라이선싱,False,PARTNER_WITH,pending,pending,True,True,1.0,True,pending,pending,False,False,False,음료 브랜드 라이선싱,PBNA가 Keurig Dr Pepper Inc.로부터 라이선스 받은 특정 브랜드를 제조 및 유통한다고 언급한다.,truncated
LII↔PCAR,SUPPLIES_TO,SEC 10-K: The Company also purchased a significant portion of North America stampings used for cabs from Magna,,False,,pending,pending,False,True,0.0,True,pending,pending,False,False,False,,해당 회사가 Magna로부터 캐브에 사용되는 북미 스탬핑의 상당 부분을 구매했다고 설명한다.,target_absent|truncated
MCHP↔EA,SUPPLIES_TO,"SEC 10-K: With the exception of Arrow Electronics, our largest distributor, which accounted for 10% and 12% of",,False,SUPPLIES_TO,pending,pending,True,True,0.0,True,noise_self_contradiction,pending,True,False,False,,"Arrow Electronics가 회사의 최대 유통업체이며, 회사 매출의 10%와 12%를 차지했다고 언급한다.",truncated
MCK↔ABBV,SUPPLIES_TO,"SEC 10-K: In 2025, three wholesale distributors (McKesson Corporation, Cardinal Health, Inc. and Cencora, Inc.",의약품 도매 유통,True,,pending,pending,False,True,0.6,True,pending,pending,False,True,False,헬스케어·의료기기·제약,"2025년에 McKesson Corporation, Cardinal Health, Inc. 및 Cencora, Inc. 세 곳의 도매 유통업체가 있을 것이라고 서술한다.",list|target_absent
MCK↔GILD,SUPPLIES_TO,"SEC 10-K: Historically, approximately 90% of our gross product sales in the U.S. have been to three large whol",의약품 유통,True,,pending,pending,False,True,0.8,True,pending,pending,False,False,False,헬스케어·의료기기·제약,회사의 미국 내 총 제품 매출의 약 90%가 역사적으로 세 곳의 대형 도매업체를 통해 이루어졌다고 설명한다.,target_absent|truncated
MET↔BAX,SUPPLIES_TO,"SEC 10-K: In the United States, third parties, such as Cardinal Health, Inc. and Medline Inc., warehouse and s",,False,PARTNER_WITH,pending,pending,False,True,0.0,True,pending,pending,False,True,False,,"미국에서 Cardinal Health, Inc.와 Medline Inc. 같은 제3자들이 창고 보관 및 배송 업무를 수행한다고 언급한다.",list|target_absent|truncated
MGM↔O,SUPPLIES_TO,SEC 10-K: MGM Resorts International continues to operate the properties.,부동산 임대,True,,pending,pending,True,True,0.6,True,pending,pending,False,False,False,부동산 임대,MGM Resorts International이 해당 자산들을 계속 운영한다고 서술한다.,
MMM↔SOLV,SUPPLIES_TO,"SEC 10-K: Transition Contract Manufacturing Agreement, dated as of March 31, 2024, by and between 3M Company a",,True,,pending,pending,False,True,0.6,True,pending,pending,False,True,False,,2024년 3월 31일자 3M Company와 다른 회사 간의 전환 계약 제조 계약을 언급한다.,list|target_absent|truncated
MPC↔SRE,SUPPLIES_TO,"SEC 10-K: Our customer contracts for our refined products storage business are structured as long-term, U.S. d",,False,PARTNER_WITH,pending,pending,False,True,0.0,True,pending,pending,False,False,False,,"회사의 정제 제품 저장 사업 고객 계약이 장기, 미국 달러 기반으로 구성되어 있다고 설명한다.",target_absent|truncated
MSCI↔BLK,SUPPLIES_TO,"SEC 10-K: Certain of our clients are also significant shareholders, competitors or distributors of our content",,True,,pending,pending,False,False,0.2,True,pending,pending,False,False,False,,회사의 일부 고객들이 주요 주주이자 경쟁사이며 콘텐츠 유통업체임을 서술한다.,target_absent|truncated
MU↔FTNT,SUPPLIES_TO,"SEC 10-K: Our current manufacturing partners include Accton Technology (“Accton”), IBASE Technology, Inc. (“IB",,False,PARTNER_WITH,pending,pending,False,True,0.0,True,pending,pending,False,True,False,,"회사의 현재 제조 파트너로 Accton Technology와 IBASE Technology, Inc.를 언급한다.",list|target_absent|truncated
MU↔NVDA,SUPPLIES_TO,"SEC 10-K: We purchase memory from SK Hynix Inc., Micron Technology, Inc., and Samsung.",메모리,True,,pending,pending,False,True,1.0,True,pending,pending,False,True,False,반도체·메모리,"회사가 SK Hynix Inc., Micron Technology, Inc., 삼성으로부터 메모리를 구매한다고 서술한다.",list|target_absent
ON↔LRCX,SUPPLIES_TO,"SEC 10-K: Our customer base includes leading semiconductor memory, foundry, and integrated device manufacturer",반도체 메모리,False,,pending,pending,False,True,0.1,True,pending,pending,False,False,False,반도체·메모리,"회사의 고객 기반에 주요 반도체 메모리, 파운드리, 통합 디바이스 제조업체가 포함된다고 서술한다.",target_absent|truncated
ON↔ON,SUPPLIES_TO,"SEC 10-K: On October 27, 2025, we completed the acquisition of rights to Vcore power technologies, including a",Vcore 전력 기술,False,PARTNER_WITH,pending,pending,True,True,0.8,True,pending,pending,False,False,False,에너지·유전·수처리,회사가 2025년 10월 27일 Vcore 전력 기술에 대한 권리 인수를 완료했음을 서술한다.,m&a|truncated
PNR↔POOL,SUPPLIES_TO,"SEC 10-K: Our largest suppliers are Pentair plc, Zodiac Pool Systems, Inc. and Hayward Holdings, Inc., which a",수영장 용품,True,,auto_candidate,pending,True,True,0.95,True,auto_candidate,pending,False,True,False,수영장 용품,"회사의 최대 공급업체로 Pentair plc, Zodiac Pool Systems, Inc., Hayward Holdings, Inc.를 언급한다.",list|truncated
PWR↔PWR,SUPPLIES_TO,SEC 10-K: Quanta’s Underground and Infrastructure segment provides comprehensive infrastructure solutions to c,인프라 솔루션,True,,pending,pending,True,True,0.6,True,pending,pending,False,False,False,기타,Quanta의 Underground 및 Infrastructure 부문이 고객에게 포괄적인 인프라 솔루션을 제공한다고 서술한다.,truncated
SATS↔AMT,SUPPLIES_TO,"SEC 10-K: For example, during the second half of 2025, Echostar Corporation, parent company to DISH, announced",,False,,pending,pending,True,True,0.0,True,pending,pending,False,True,False,,"2025년 하반기, DISH의 모회사인 Echostar Corporation이 무언가를 발표했다고 언급한다.",indirect|list|truncated
SNDK↔ANET,SUPPLIES_TO,"SEC 10-K: Our primary manufacturing partners are Jabil Inc., Sanmina Corporation and Foxconn Hon Hai.",,False,PARTNER_WITH,pending,pending,False,True,0.0,True,pending,pending,False,False,False,,"회사의 주요 제조 파트너로 Jabil Inc., Sanmina Corporation, Foxconn Hon Hai를 언급한다.",target_absent
SRE↔NUE,SUPPLIES_TO,"SEC 10-K: Oncor also provides distribution services, consisting of retail delivery services to retail electric",,False,SUPPLIES_TO,pending,pending,False,True,0.0,True,noise_self_contradiction,pending,True,False,False,,Oncor가 소매 전기 고객에게 소매 배송 서비스를 포함하는 유통 서비스를 제공한다고 서술한다.,target_absent|truncated
TSM↔AVGO,SUPPLIES_TO,"SEC 10-K: The majority of our front-end wafer manufacturing operations is outsourced to external foundries, in",반도체 파운드리,True,,pending,pending,False,True,0.9,True,pending,pending,False,False,False,반도체·메모리,회사는 전방 웨이퍼 제조 작업의 대부분을 외부 파운드리에 아웃소싱한다.,target_absent|truncated
TSM↔FTNT,SUPPLIES_TO,SEC 10-K: These contract manufacturers use foundries in Taiwan and Japan operated by either Taiwan Semiconduct,,False,SUPPLIES_TO,pending,pending,False,True,0.0,True,noise_self_contradiction,pending,True,False,False,,계약 제조업체들은 대만과 일본에 있는 파운드리(Taiwan Semiconduct 등)를 이용한다.,target_absent|truncated
TSM↔NVDA,SUPPLIES_TO,"SEC 10-K: We utilize foundries, such as Taiwan Semiconductor Manufacturing Company Limited, or TSMC, and Samsu",반도체 파운드리,True,,pending,pending,False,True,1.0,True,pending,pending,False,True,False,반도체·메모리,회사는 Taiwan Semiconductor Manufacturing Company Limited (TSMC)와 Samsu 등 파운드리를 활용한다.,list|target_absent|truncated
V↔SYF,SUPPLIES_TO,SEC 10-K: We also face risks related to cyber-attacks and other security breaches in connection with credit ca,신용카드 결제,False,DEPENDS_ON,pending,pending,False,True,0.3,True,pending,pending,False,False,False,금융·결제·거래소,회사는 신용카드와 관련된 사이버 공격 및 기타 보안 침해 위험에 직면한다.,target_absent|truncated
V↔V,SUPPLIES_TO,"SEC 10-K: Built on a cloud-based architecture, our Acceptance Platform solutions such as Cybersource and Autho",클라우드 기반 결제 솔루션,True,,pending,pending,False,True,0.9,True,pending,pending,False,False,False,클라우드·엔터프라이즈SW,회사의 Acceptance Platform 솔루션인 Cybersource와 Autho는 클라우드 기반 아키텍처 위에 구축되었다.,target_absent|truncated
VLO↔SRE,SUPPLIES_TO,"SEC 10-K: Our customer contracts for our refined products storage business are structured as long-term, U.S. d",,False,SUPPLIES_TO,pending,pending,False,True,0.0,True,noise_self_contradiction,pending,True,False,False,,회사의 정제 제품 저장 사업 고객 계약은 장기 미국 달러화로 구성되어 있다.,target_absent|truncated
WMT↔CAG,SUPPLIES_TO,"SEC 10-K: Our largest customer, Walmart, Inc. and its affiliates, accounted for approximately 29% of consolida",식품 소매,True,,pending,pending,False,True,1.0,True,pending,pending,False,True,False,소매·소비재,"최대 고객인 Walmart, Inc. 및 그 계열사는 통합 매출의 약 29%를 차지했다.",list|target_absent|truncated
WMT↔CL,SUPPLIES_TO,"SEC 10-K: Our sales to Walmart, Inc. and its affiliates represented approximately 11% of our Net sales in 2025",,True,,pending,pending,False,True,1.0,True,pending,pending,False,False,False,,"Walmart, Inc. 및 그 계열사에 대한 매출은 2025년 순매출의 약 11%를 차지했다.",target_absent|truncated
WMT↔KMB,SUPPLIES_TO,"SEC 10-K: Our largest customer, Walmart Inc., represented approximatel",생활용품,True,,pending,pending,False,True,0.9,True,pending,pending,False,False,False,기타,회사의 최대 고객은 Walmart Inc.이다.,target_absent|truncated
WMT↔PG,SUPPLIES_TO,SEC 10-K: Sales to Walmart Inc. and its affiliates represent approximately 16% of our total sales in 2025 and ,,True,,pending,pending,False,True,1.0,True,pending,pending,False,False,False,,Walmart Inc. 및 그 계열사에 대한 매출은 2025년 총 매출의 약 16%를 차지한다.,target_absent|truncated
